display_min,interval_start_min,physical_end_min,last_rhs_H2_mol_min,endpoint_H2_mol_min,ethanol_mol_min,water_mol_min,setpoint_H2_mol_min,reformer_outlet_H2_mol_m3,outlet_T_K
0,0,0.10000000000000001,0.00022735364822829216,0.00022735364822829205,0.0020999999999999999,0.0099000000000000008,0.00022735400000000001,25.164983853114254,772.69056091375319
0.10000000000000001,0.10000000000000001,0.20000000000000001,0.00022735364822829197,0.00022735364822829208,0.0020999999999999999,0.0099000000000000008,0.00022735400000000001,25.164983853114254,772.69056091375319
0.20000000000000001,0.20000000000000001,0.30000000000000004,0.00022735364822829213,0.00022735364822829211,0.0020999999999999999,0.0099000000000000008,0.00022735400000000001,25.164983853114258,772.69056091375319
0.30000000000000004,0.30000000000000004,0.40000000000000002,0.00022735364822829202,0.00022735364822829202,0.0020999999999999999,0.0099000000000000008,0.00022735400000000001,25.164983853114261,772.69056091375319
0.40000000000000002,0.40000000000000002,0.5,0.00022735364822829194,0.00022735364822829197,0.0020999999999999999,0.0099000000000000008,0.00022735400000000001,25.164983853114258,772.69056091375319
0.5,0.5,0.59999999999999998,0.00022735364822829205,0.00022735364822829205,0.0020999999999999999,0.0099000000000000008,0.00022735400000000001,25.164983853114258,772.69056091375319
0.60000000000000009,0.60000000000000009,0.70000000000000007,0.00022735364822829211,0.00022735364822829202,0.0020999999999999999,0.0099000000000000008,0.00022735400000000001,25.164983853114258,772.69056091375319
0.70000000000000007,0.70000000000000007,0.80000000000000004,0.00022735364822829194,0.00022735364822829202,0.0020999999999999999,0.0099000000000000008,0.00022735400000000001,25.164983853114261,772.69056091375319
0.80000000000000004,0.80000000000000004,0.90000000000000002,0.00022735364822829208,0.00022735364822829208,0.0020999999999999999,0.0099000000000000008,0.00022735400000000001,25.164983853114261,772.69056091375319
0.90000000000000002,0.90000000000000002,1,0.00022735364822829205,0.00022735364822829202,0.0020999999999999999,0.0099000000000000008,0.00022735400000000001,25.164983853114258,772.69056091375319
1,1,1.1000000000000001,0.00022735364822829197,0.000227353648228292,0.0020999999999999999,0.0099000000000000008,0.00022735400000000001,25.164983853114258,772.69056091375319
1.1000000000000001,1.1000000000000001,1.2000000000000002,0.000227353648228292,0.000227353648228292,0.0020999999999999999,0.0099000000000000008,0.00022735400000000001,25.164983853114261,772.69056091375319
1.2000000000000002,1.2000000000000002,1.3000000000000003,0.00022735364822829211,0.00022735364822829205,0.0020999999999999999,0.0099000000000000008,0.00022735400000000001,25.164983853114261,772.69056091375319
1.3,1.3,1.4000000000000001,0.00022735364822829216,0.00022735364822829208,0.0020999999999999999,0.0099000000000000008,0.00022735400000000001,25.164983853114258,772.69056091375319
1.4000000000000001,1.4000000000000001,1.5000000000000002,0.000227353648228292,0.000227353648228292,0.0020999999999999999,0.0099000000000000008,0.00022735400000000001,25.164983853114258,772.69056091375319
1.5,1.5,1.6000000000000001,0.00022735364822829202,0.000227353648228292,0.0020999999999999999,0.0099000000000000008,0.00022735400000000001,25.164983853114261,772.69056091375319
1.6000000000000001,1.6000000000000001,1.7000000000000002,0.00022735364822829213,0.00022735364822829205,0.0020999999999999999,0.0099000000000000008,0.00022735400000000001,25.164983853114265,772.69056091375319
1.7000000000000002,1.7000000000000002,1.8000000000000003,0.00022735364822829208,0.00022735364822829202,0.0020999999999999999,0.0099000000000000008,0.00022735400000000001,25.164983853114265,772.69056091375319
1.8,1.8,1.9000000000000001,0.00022735364822829208,0.000227353648228292,0.0020999999999999999,0.0099000000000000008,0.00022735400000000001,25.164983853114261,772.69056091375319
1.9000000000000001,1.9000000000000001,2,0.00022735364822829205,0.00022735364822829205,0.0020999999999999999,0.0099000000000000008,0.00022735400000000001,25.164983853114258,772.69056091375319
2,2,2.1000000000000001,0.00022765982935364759,0.00022765683412915574,0.0023999999999999998,0.0099000000000000008,0.00022735400000000001,25.16231244385634,772.6895198671325
2.1000000000000001,2.1000000000000001,2.2000000000000002,0.00023216864226398927,0.00023216153821032493,0.0023999999999999998,0.0099000000000000008,0.00022735400000000001,25.854592039020407,772.68925124287784
2.2000000000000002,2.2000000000000002,2.3000000000000003,0.00026219363861900314,0.00026134734082628006,0.0023999999999999998,0.0099000000000000008,0.00022735400000000001,26.906148710214271,772.64679622770382
2.3000000000000003,2.3000000000000003,2.4000000000000004,0.00026536844238910932,0.00026532553568202176,0.0023999999999999998,0.0099000000000000008,0.00022735400000000001,26.909629757117724,772.61235173279897
2.4000000000000004,2.4000000000000004,2.5000000000000004,0.00026531470284140986,0.0002653145961093387,0.0023999999999999998,0.0099000000000000008,0.00022735400000000001,26.909641859505541,772.61231342497285
2.5,2.5,2.6000000000000001,0.00026531332420836148,0.00026531352857879671,0.0023999999999999998,0.0099000000000000008,0.00022735400000000001,26.909617654280005,772.61232237076547
2.6000000000000001,2.6000000000000001,2.7000000000000002,0.00026531320198527853,0.00026531328053292142,0.0023999999999999998,0.0099000000000000008,0.00022735400000000001,26.909613945909488,772.61232350037915
2.7000000000000002,2.7000000000000002,2.8000000000000003,0.00026531321072153211,0.00026531322703664424,0.0023999999999999998,0.0099000000000000008,0.00022735400000000001,26.909613059985304,772.61232376563498
2.8000000000000003,2.8000000000000003,2.9000000000000004,0.00026531321854081645,0.00026531322129923798,0.0023999999999999998,0.0099000000000000008,0.00022735400000000001,26.909613239584811,772.6123238173767
2.9000000000000004,2.9000000000000004,3.0000000000000004,0.00026531321984987565,0.00026531321985995146,0.0023999999999999998,0.0099000000000000008,0.00022735400000000001,26.909613112560631,772.61232382166418
3,3,3.1000000000000001,0.00026531322010977902,0.00026531322023571989,0.0023999999999999998,0.0099000000000000008,0.00022735400000000001,26.909613183392665,772.61232382322737
3.1000000000000001,3.1000000000000001,3.2000000000000002,0.00026531322003110237,0.00026531321997704519,0.0023999999999999998,0.0099000000000000008,0.00022735400000000001,26.90961314265418,772.61232382270782
3.2000000000000002,3.2000000000000002,3.3000000000000003,0.00026531322009634305,0.00026531322012534573,0.0023999999999999998,0.0099000000000000008,0.00022735400000000001,26.909613166067366,772.61232382303513
3.3000000000000003,3.3000000000000003,3.4000000000000004,0.00026531322005426955,0.00026531322003892663,0.0023999999999999998,0.0099000000000000008,0.00022735400000000001,26.90961315259722,772.61232382284913
3.4000000000000004,3.4000000000000004,3.5000000000000004,0.00026531322008080063,0.00026531322008903607,0.0023999999999999998,0.0099000000000000008,0.00022735400000000001,26.909613160347231,772.61232382295611
3.5,3.5,3.6000000000000001,0.00026531322006452627,0.00026531322006006407,0.0023999999999999998,0.0099000000000000008,0.00022735400000000001,26.90961315589114,772.61232382289461
3.6000000000000001,3.6000000000000001,3.7000000000000002,0.00026531322007433385,0.0002653132200767694,0.0023999999999999998,0.0099000000000000008,0.00022735400000000001,26.909613158450579,772.61232382292997
3.7000000000000002,3.7000000000000002,3.8000000000000003,0.00026531322006850063,0.00026531322006716288,0.0023999999999999998,0.0099000000000000008,0.00022735400000000001,26.909613156982548,772.61232382290973
3.8000000000000003,3.8000000000000003,3.9000000000000004,0.00026531322007193522,0.00026531322007267329,0.0023999999999999998,0.0099000000000000008,0.00022735400000000001,26.909613157823255,772.61232382292121
3.9000000000000004,3.9000000000000004,4,0.00026531322006992922,0.0002653132200695201,0.0023999999999999998,0.0099000000000000008,0.00022735400000000001,26.909613157342616,772.61232382291462
