physical_min,hydrogen_mol_min,ethanol_mol_min,reformer_outlet_H2_mol_m3
0.000000000000000000e+00,2.273536482282921328e-04,2.099999999999999870e-03,2.516498385311425423e+01
5.000000000000000104e-03,2.273536482282921328e-04,2.099999999999999870e-03,2.516498385311425778e+01
1.000000000000000021e-02,2.273536482282921328e-04,2.099999999999999870e-03,2.516498385311425778e+01
1.499999999999999944e-02,2.273536482282921328e-04,2.099999999999999870e-03,2.516498385311425778e+01
2.000000000000000042e-02,2.273536482282921599e-04,2.099999999999999870e-03,2.516498385311425423e+01
2.500000000000000139e-02,2.273536482282921599e-04,2.099999999999999870e-03,2.516498385311425423e+01
2.999999999999999889e-02,2.273536482282921328e-04,2.099999999999999870e-03,2.516498385311425423e+01
3.500000000000000333e-02,2.273536482282921328e-04,2.099999999999999870e-03,2.516498385311425423e+01
4.000000000000000083e-02,2.273536482282921057e-04,2.099999999999999870e-03,2.516498385311425423e+01
4.499999999999999833e-02,2.273536482282921057e-04,2.099999999999999870e-03,2.516498385311425423e+01
5.000000000000000278e-02,2.273536482282921057e-04,2.099999999999999870e-03,2.516498385311425423e+01
5.500000000000000028e-02,2.273536482282921057e-04,2.099999999999999870e-03,2.516498385311425423e+01
5.999999999999999778e-02,2.273536482282920786e-04,2.099999999999999870e-03,2.516498385311425423e+01
6.500000000000000222e-02,2.273536482282920515e-04,2.099999999999999870e-03,2.516498385311425423e+01
7.000000000000000666e-02,2.273536482282920515e-04,2.099999999999999870e-03,2.516498385311425423e+01
7.499999999999999722e-02,2.273536482282920515e-04,2.099999999999999870e-03,2.516498385311425778e+01
8.000000000000000167e-02,2.273536482282920515e-04,2.099999999999999870e-03,2.516498385311425778e+01
8.500000000000000611e-02,2.273536482282920515e-04,2.099999999999999870e-03,2.516498385311425778e+01
8.999999999999999667e-02,2.273536482282920515e-04,2.099999999999999870e-03,2.516498385311425778e+01
9.500000000000000111e-02,2.273536482282920515e-04,2.099999999999999870e-03,2.516498385311425778e+01
1.000000000000000056e-01,2.273536482282920515e-04,2.099999999999999870e-03,2.516498385311425778e+01
1.000000000000000056e-01,2.273536482282920515e-04,2.099999999999999870e-03,2.516498385311426134e+01
1.050000000000000100e-01,2.273536482282920244e-04,2.099999999999999870e-03,2.516498385311426134e+01
1.100000000000000006e-01,2.273536482282919973e-04,2.099999999999999870e-03,2.516498385311426134e+01
1.150000000000000050e-01,2.273536482282919973e-04,2.099999999999999870e-03,2.516498385311426134e+01
1.200000000000000094e-01,2.273536482282919973e-04,2.099999999999999870e-03,2.516498385311425778e+01
1.250000000000000000e-01,2.273536482282919973e-04,2.099999999999999870e-03,2.516498385311425778e+01
1.300000000000000044e-01,2.273536482282919973e-04,2.099999999999999870e-03,2.516498385311425778e+01
1.350000000000000089e-01,2.273536482282919973e-04,2.099999999999999870e-03,2.516498385311425778e+01
1.400000000000000133e-01,2.273536482282919973e-04,2.099999999999999870e-03,2.516498385311425778e+01
1.450000000000000178e-01,2.273536482282919973e-04,2.099999999999999870e-03,2.516498385311425778e+01
1.500000000000000222e-01,2.273536482282919973e-04,2.099999999999999870e-03,2.516498385311425778e+01
1.549999999999999989e-01,2.273536482282919973e-04,2.099999999999999870e-03,2.516498385311425778e+01
1.600000000000000033e-01,2.273536482282919973e-04,2.099999999999999870e-03,2.516498385311425778e+01
1.650000000000000078e-01,2.273536482282919973e-04,2.099999999999999870e-03,2.516498385311425778e+01
1.700000000000000122e-01,2.273536482282919973e-04,2.099999999999999870e-03,2.516498385311426134e+01
1.749999999999999889e-01,2.273536482282919973e-04,2.099999999999999870e-03,2.516498385311426134e+01
1.799999999999999933e-01,2.273536482282919973e-04,2.099999999999999870e-03,2.516498385311426134e+01
1.849999999999999978e-01,2.273536482282919973e-04,2.099999999999999870e-03,2.516498385311426134e+01
1.900000000000000022e-01,2.273536482282919973e-04,2.099999999999999870e-03,2.516498385311426134e+01
1.950000000000000067e-01,2.273536482282919973e-04,2.099999999999999870e-03,2.516498385311426134e+01
2.000000000000000111e-01,2.273536482282919973e-04,2.099999999999999870e-03,2.516498385311426134e+01
2.000000000000000111e-01,2.273536482282919702e-04,2.099999999999999870e-03,2.516498385311426134e+01
2.050000000000000155e-01,2.273536482282919702e-04,2.099999999999999870e-03,2.516498385311426134e+01
2.100000000000000200e-01,2.273536482282919431e-04,2.099999999999999870e-03,2.516498385311426134e+01
2.150000000000000244e-01,2.273536482282919973e-04,2.099999999999999870e-03,2.516498385311426134e+01
2.200000000000000011e-01,2.273536482282919702e-04,2.099999999999999870e-03,2.516498385311426134e+01
2.250000000000000056e-01,2.273536482282919973e-04,2.099999999999999870e-03,2.516498385311426134e+01
2.300000000000000100e-01,2.273536482282919973e-04,2.099999999999999870e-03,2.516498385311426134e+01
2.350000000000000144e-01,2.273536482282919973e-04,2.099999999999999870e-03,2.516498385311426134e+01
2.400000000000000189e-01,2.273536482282919973e-04,2.099999999999999870e-03,2.516498385311426134e+01
2.449999999999999956e-01,2.273536482282919702e-04,2.099999999999999870e-03,2.516498385311426489e+01
2.500000000000000000e-01,2.273536482282919702e-04,2.099999999999999870e-03,2.516498385311426489e+01
2.550000000000000044e-01,2.273536482282919702e-04,2.099999999999999870e-03,2.516498385311426489e+01
2.600000000000000089e-01,2.273536482282919702e-04,2.099999999999999870e-03,2.516498385311426489e+01
2.650000000000000133e-01,2.273536482282919702e-04,2.099999999999999870e-03,2.516498385311426489e+01
2.700000000000000178e-01,2.273536482282919702e-04,2.099999999999999870e-03,2.516498385311426489e+01
2.750000000000000222e-01,2.273536482282919702e-04,2.099999999999999870e-03,2.516498385311426489e+01
2.800000000000000266e-01,2.273536482282919702e-04,2.099999999999999870e-03,2.516498385311426489e+01
2.850000000000000311e-01,2.273536482282919702e-04,2.099999999999999870e-03,2.516498385311426844e+01
2.900000000000000355e-01,2.273536482282919702e-04,2.099999999999999870e-03,2.516498385311426844e+01
2.950000000000000400e-01,2.273536482282919702e-04,2.099999999999999870e-03,2.516498385311426844e+01
3.000000000000000444e-01,2.273536482282919702e-04,2.099999999999999870e-03,2.516498385311426844e+01
3.000000000000000444e-01,2.273536482282919702e-04,2.099999999999999870e-03,2.516498385311426489e+01
3.050000000000000488e-01,2.273536482282919431e-04,2.099999999999999870e-03,2.516498385311426489e+01
3.100000000000000533e-01,2.273536482282919702e-04,2.099999999999999870e-03,2.516498385311426134e+01
3.150000000000000577e-01,2.273536482282919702e-04,2.099999999999999870e-03,2.516498385311426134e+01
3.200000000000000622e-01,2.273536482282919431e-04,2.099999999999999870e-03,2.516498385311426489e+01
3.250000000000000666e-01,2.273536482282919431e-04,2.099999999999999870e-03,2.516498385311426489e+01
3.300000000000000711e-01,2.273536482282919702e-04,2.099999999999999870e-03,2.516498385311426489e+01
3.350000000000000755e-01,2.273536482282919702e-04,2.099999999999999870e-03,2.516498385311426489e+01
3.400000000000000244e-01,2.273536482282919702e-04,2.099999999999999870e-03,2.516498385311426489e+01
3.450000000000000289e-01,2.273536482282919702e-04,2.099999999999999870e-03,2.516498385311426489e+01
3.500000000000000333e-01,2.273536482282919702e-04,2.099999999999999870e-03,2.516498385311426489e+01
3.550000000000000377e-01,2.273536482282919702e-04,2.099999999999999870e-03,2.516498385311426489e+01
3.600000000000000422e-01,2.273536482282919702e-04,2.099999999999999870e-03,2.516498385311426489e+01
3.650000000000000466e-01,2.273536482282919702e-04,2.099999999999999870e-03,2.516498385311426489e+01
3.700000000000000511e-01,2.273536482282919702e-04,2.099999999999999870e-03,2.516498385311426489e+01
3.750000000000000555e-01,2.273536482282919702e-04,2.099999999999999870e-03,2.516498385311426489e+01
3.800000000000000600e-01,2.273536482282919702e-04,2.099999999999999870e-03,2.516498385311426489e+01
3.850000000000000644e-01,2.273536482282919702e-04,2.099999999999999870e-03,2.516498385311426489e+01
3.900000000000000133e-01,2.273536482282919702e-04,2.099999999999999870e-03,2.516498385311426489e+01
3.950000000000000178e-01,2.273536482282919702e-04,2.099999999999999870e-03,2.516498385311426489e+01
4.000000000000000222e-01,2.273536482282919702e-04,2.099999999999999870e-03,2.516498385311426489e+01
4.000000000000000222e-01,2.273536482282919702e-04,2.099999999999999870e-03,2.516498385311426489e+01
4.050000000000000266e-01,2.273536482282919702e-04,2.099999999999999870e-03,2.516498385311426489e+01
4.100000000000000311e-01,2.273536482282919702e-04,2.099999999999999870e-03,2.516498385311426489e+01
4.150000000000000355e-01,2.273536482282919973e-04,2.099999999999999870e-03,2.516498385311426489e+01
4.200000000000000400e-01,2.273536482282919973e-04,2.099999999999999870e-03,2.516498385311426489e+01
4.250000000000000444e-01,2.273536482282919973e-04,2.099999999999999870e-03,2.516498385311426489e+01
4.300000000000000488e-01,2.273536482282919973e-04,2.099999999999999870e-03,2.516498385311426489e+01
4.350000000000000533e-01,2.273536482282919973e-04,2.099999999999999870e-03,2.516498385311426489e+01
4.400000000000000022e-01,2.273536482282919973e-04,2.099999999999999870e-03,2.516498385311426489e+01
4.450000000000000067e-01,2.273536482282919973e-04,2.099999999999999870e-03,2.516498385311426489e+01
4.500000000000000111e-01,2.273536482282920244e-04,2.099999999999999870e-03,2.516498385311426489e+01
4.550000000000000155e-01,2.273536482282919973e-04,2.099999999999999870e-03,2.516498385311426489e+01
4.600000000000000200e-01,2.273536482282919702e-04,2.099999999999999870e-03,2.516498385311426489e+01
4.650000000000000244e-01,2.273536482282919702e-04,2.099999999999999870e-03,2.516498385311426489e+01
4.700000000000000289e-01,2.273536482282919702e-04,2.099999999999999870e-03,2.516498385311426489e+01
4.750000000000000333e-01,2.273536482282919702e-04,2.099999999999999870e-03,2.516498385311426489e+01
4.800000000000000377e-01,2.273536482282919702e-04,2.099999999999999870e-03,2.516498385311426489e+01
4.850000000000000422e-01,2.273536482282919702e-04,2.099999999999999870e-03,2.516498385311426489e+01
4.899999999999999911e-01,2.273536482282919702e-04,2.099999999999999870e-03,2.516498385311426489e+01
4.949999999999999956e-01,2.273536482282919702e-04,2.099999999999999870e-03,2.516498385311426489e+01
5.000000000000000000e-01,2.273536482282919702e-04,2.099999999999999870e-03,2.516498385311426489e+01
5.000000000000000000e-01,2.273536482282919702e-04,2.099999999999999870e-03,2.516498385311426489e+01
5.050000000000000044e-01,2.273536482282919702e-04,2.099999999999999870e-03,2.516498385311426489e+01
5.100000000000000089e-01,2.273536482282919702e-04,2.099999999999999870e-03,2.516498385311426489e+01
5.150000000000000133e-01,2.273536482282919702e-04,2.099999999999999870e-03,2.516498385311426489e+01
5.200000000000000178e-01,2.273536482282919973e-04,2.099999999999999870e-03,2.516498385311426489e+01
5.250000000000000222e-01,2.273536482282919973e-04,2.099999999999999870e-03,2.516498385311426489e+01
5.300000000000000266e-01,2.273536482282919973e-04,2.099999999999999870e-03,2.516498385311426489e+01
5.350000000000000311e-01,2.273536482282919973e-04,2.099999999999999870e-03,2.516498385311426844e+01
5.400000000000000355e-01,2.273536482282919702e-04,2.099999999999999870e-03,2.516498385311426844e+01
5.450000000000000400e-01,2.273536482282919702e-04,2.099999999999999870e-03,2.516498385311426844e+01
5.500000000000000444e-01,2.273536482282919702e-04,2.099999999999999870e-03,2.516498385311426844e+01
5.550000000000000488e-01,2.273536482282919702e-04,2.099999999999999870e-03,2.516498385311426844e+01
5.600000000000000533e-01,2.273536482282919702e-04,2.099999999999999870e-03,2.516498385311426844e+01
5.649999999999999467e-01,2.273536482282919702e-04,2.099999999999999870e-03,2.516498385311426844e+01
5.700000000000000622e-01,2.273536482282919702e-04,2.099999999999999870e-03,2.516498385311426844e+01
5.749999999999999556e-01,2.273536482282919702e-04,2.099999999999999870e-03,2.516498385311426844e+01
5.799999999999999600e-01,2.273536482282919160e-04,2.099999999999999870e-03,2.516498385311426844e+01
5.849999999999999645e-01,2.273536482282919160e-04,2.099999999999999870e-03,2.516498385311426844e+01
5.899999999999999689e-01,2.273536482282919160e-04,2.099999999999999870e-03,2.516498385311426844e+01
5.949999999999999734e-01,2.273536482282919160e-04,2.099999999999999870e-03,2.516498385311426844e+01
5.999999999999999778e-01,2.273536482282919160e-04,2.099999999999999870e-03,2.516498385311426844e+01
6.000000000000000888e-01,2.273536482282919702e-04,2.099999999999999870e-03,2.516498385311426489e+01
6.050000000000000933e-01,2.273536482282919431e-04,2.099999999999999870e-03,2.516498385311426489e+01
6.100000000000000977e-01,2.273536482282919973e-04,2.099999999999999870e-03,2.516498385311426489e+01
6.150000000000001021e-01,2.273536482282919973e-04,2.099999999999999870e-03,2.516498385311426489e+01
6.200000000000001066e-01,2.273536482282919973e-04,2.099999999999999870e-03,2.516498385311426489e+01
6.250000000000001110e-01,2.273536482282919702e-04,2.099999999999999870e-03,2.516498385311426489e+01
6.300000000000001155e-01,2.273536482282919973e-04,2.099999999999999870e-03,2.516498385311426489e+01
6.350000000000001199e-01,2.273536482282919702e-04,2.099999999999999870e-03,2.516498385311426134e+01
6.400000000000001243e-01,2.273536482282919702e-04,2.099999999999999870e-03,2.516498385311426134e+01
6.450000000000001288e-01,2.273536482282919702e-04,2.099999999999999870e-03,2.516498385311426134e+01
6.500000000000001332e-01,2.273536482282919702e-04,2.099999999999999870e-03,2.516498385311426134e+01
6.550000000000001377e-01,2.273536482282919702e-04,2.099999999999999870e-03,2.516498385311426134e+01
6.600000000000001421e-01,2.273536482282919702e-04,2.099999999999999870e-03,2.516498385311426134e+01
6.650000000000000355e-01,2.273536482282919431e-04,2.099999999999999870e-03,2.516498385311426134e+01
6.700000000000001510e-01,2.273536482282919431e-04,2.099999999999999870e-03,2.516498385311426134e+01
6.750000000000000444e-01,2.273536482282919431e-04,2.099999999999999870e-03,2.516498385311426134e+01
6.800000000000000488e-01,2.273536482282919702e-04,2.099999999999999870e-03,2.516498385311426134e+01
6.850000000000000533e-01,2.273536482282919702e-04,2.099999999999999870e-03,2.516498385311426489e+01
6.900000000000000577e-01,2.273536482282919702e-04,2.099999999999999870e-03,2.516498385311426489e+01
6.950000000000000622e-01,2.273536482282919431e-04,2.099999999999999870e-03,2.516498385311426489e+01
7.000000000000000666e-01,2.273536482282919431e-04,2.099999999999999870e-03,2.516498385311426489e+01
7.000000000000000666e-01,2.273536482282919431e-04,2.099999999999999870e-03,2.516498385311426489e+01
7.050000000000000711e-01,2.273536482282919702e-04,2.099999999999999870e-03,2.516498385311426489e+01
7.100000000000000755e-01,2.273536482282919431e-04,2.099999999999999870e-03,2.516498385311426134e+01
7.150000000000000799e-01,2.273536482282919702e-04,2.099999999999999870e-03,2.516498385311426489e+01
7.200000000000000844e-01,2.273536482282919702e-04,2.099999999999999870e-03,2.516498385311426489e+01
7.250000000000000888e-01,2.273536482282919702e-04,2.099999999999999870e-03,2.516498385311426489e+01
7.300000000000000933e-01,2.273536482282919431e-04,2.099999999999999870e-03,2.516498385311426489e+01
7.350000000000000977e-01,2.273536482282919702e-04,2.099999999999999870e-03,2.516498385311426489e+01
7.400000000000001021e-01,2.273536482282919702e-04,2.099999999999999870e-03,2.516498385311426489e+01
7.450000000000001066e-01,2.273536482282919702e-04,2.099999999999999870e-03,2.516498385311426489e+01
7.500000000000001110e-01,2.273536482282919702e-04,2.099999999999999870e-03,2.516498385311426489e+01
7.550000000000001155e-01,2.273536482282919702e-04,2.099999999999999870e-03,2.516498385311426489e+01
7.600000000000000089e-01,2.273536482282919702e-04,2.099999999999999870e-03,2.516498385311426489e+01
7.650000000000001243e-01,2.273536482282919973e-04,2.099999999999999870e-03,2.516498385311426489e+01
7.700000000000000178e-01,2.273536482282919702e-04,2.099999999999999870e-03,2.516498385311426489e+01
7.750000000000000222e-01,2.273536482282919702e-04,2.099999999999999870e-03,2.516498385311426489e+01
7.800000000000000266e-01,2.273536482282920244e-04,2.099999999999999870e-03,2.516498385311426489e+01
7.850000000000000311e-01,2.273536482282920244e-04,2.099999999999999870e-03,2.516498385311426489e+01
7.900000000000000355e-01,2.273536482282920244e-04,2.099999999999999870e-03,2.516498385311426489e+01
7.950000000000000400e-01,2.273536482282920244e-04,2.099999999999999870e-03,2.516498385311426489e+01
8.000000000000000444e-01,2.273536482282920244e-04,2.099999999999999870e-03,2.516498385311426489e+01
8.000000000000000444e-01,2.273536482282920515e-04,2.099999999999999870e-03,2.516498385311426489e+01
8.050000000000000488e-01,2.273536482282920244e-04,2.099999999999999870e-03,2.516498385311426489e+01
8.100000000000000533e-01,2.273536482282920244e-04,2.099999999999999870e-03,2.516498385311426489e+01
8.150000000000000577e-01,2.273536482282920244e-04,2.099999999999999870e-03,2.516498385311426844e+01
8.200000000000000622e-01,2.273536482282920515e-04,2.099999999999999870e-03,2.516498385311426844e+01
8.250000000000000666e-01,2.273536482282920515e-04,2.099999999999999870e-03,2.516498385311426844e+01
8.300000000000000711e-01,2.273536482282920515e-04,2.099999999999999870e-03,2.516498385311426844e+01
8.350000000000000755e-01,2.273536482282920515e-04,2.099999999999999870e-03,2.516498385311426489e+01
8.400000000000000799e-01,2.273536482282920244e-04,2.099999999999999870e-03,2.516498385311426489e+01
8.450000000000000844e-01,2.273536482282920244e-04,2.099999999999999870e-03,2.516498385311426489e+01
8.500000000000000888e-01,2.273536482282920244e-04,2.099999999999999870e-03,2.516498385311426489e+01
8.550000000000000933e-01,2.273536482282920244e-04,2.099999999999999870e-03,2.516498385311426489e+01
8.600000000000000977e-01,2.273536482282920515e-04,2.099999999999999870e-03,2.516498385311426489e+01
8.649999999999999911e-01,2.273536482282920244e-04,2.099999999999999870e-03,2.516498385311426489e+01
8.700000000000001066e-01,2.273536482282920244e-04,2.099999999999999870e-03,2.516498385311426489e+01
8.750000000000000000e-01,2.273536482282920515e-04,2.099999999999999870e-03,2.516498385311426489e+01
8.800000000000000044e-01,2.273536482282920515e-04,2.099999999999999870e-03,2.516498385311426489e+01
8.850000000000000089e-01,2.273536482282920515e-04,2.099999999999999870e-03,2.516498385311426489e+01
8.900000000000000133e-01,2.273536482282920515e-04,2.099999999999999870e-03,2.516498385311426489e+01
8.950000000000000178e-01,2.273536482282920515e-04,2.099999999999999870e-03,2.516498385311426489e+01
9.000000000000000222e-01,2.273536482282920515e-04,2.099999999999999870e-03,2.516498385311426489e+01
9.000000000000000222e-01,2.273536482282920244e-04,2.099999999999999870e-03,2.516498385311426489e+01
9.050000000000000266e-01,2.273536482282920515e-04,2.099999999999999870e-03,2.516498385311426489e+01
9.100000000000000311e-01,2.273536482282920244e-04,2.099999999999999870e-03,2.516498385311426489e+01
9.150000000000000355e-01,2.273536482282920515e-04,2.099999999999999870e-03,2.516498385311426844e+01
9.200000000000000400e-01,2.273536482282920515e-04,2.099999999999999870e-03,2.516498385311426844e+01
9.250000000000000444e-01,2.273536482282920515e-04,2.099999999999999870e-03,2.516498385311426844e+01
9.300000000000000488e-01,2.273536482282920515e-04,2.099999999999999870e-03,2.516498385311426844e+01
9.350000000000000533e-01,2.273536482282920515e-04,2.099999999999999870e-03,2.516498385311426844e+01
9.400000000000000577e-01,2.273536482282920244e-04,2.099999999999999870e-03,2.516498385311426844e+01
9.450000000000000622e-01,2.273536482282920786e-04,2.099999999999999870e-03,2.516498385311426489e+01
9.500000000000000666e-01,2.273536482282920786e-04,2.099999999999999870e-03,2.516498385311426489e+01
9.550000000000000711e-01,2.273536482282920786e-04,2.099999999999999870e-03,2.516498385311426489e+01
9.599999999999999645e-01,2.273536482282920515e-04,2.099999999999999870e-03,2.516498385311426489e+01
9.650000000000000799e-01,2.273536482282920515e-04,2.099999999999999870e-03,2.516498385311426489e+01
9.699999999999999734e-01,2.273536482282920515e-04,2.099999999999999870e-03,2.516498385311426489e+01
9.749999999999999778e-01,2.273536482282920515e-04,2.099999999999999870e-03,2.516498385311426489e+01
9.799999999999999822e-01,2.273536482282920515e-04,2.099999999999999870e-03,2.516498385311426489e+01
9.849999999999999867e-01,2.273536482282920786e-04,2.099999999999999870e-03,2.516498385311426489e+01
9.899999999999999911e-01,2.273536482282920786e-04,2.099999999999999870e-03,2.516498385311426489e+01
9.949999999999999956e-01,2.273536482282920786e-04,2.099999999999999870e-03,2.516498385311426489e+01
1.000000000000000000e+00,2.273536482282920786e-04,2.099999999999999870e-03,2.516498385311426489e+01
1.000000000000000000e+00,2.273536482282920786e-04,2.099999999999999870e-03,2.516498385311426489e+01
1.004999999999999893e+00,2.273536482282920515e-04,2.099999999999999870e-03,2.516498385311426489e+01
1.010000000000000009e+00,2.273536482282920244e-04,2.099999999999999870e-03,2.516498385311426489e+01
1.014999999999999902e+00,2.273536482282920515e-04,2.099999999999999870e-03,2.516498385311426489e+01
1.020000000000000018e+00,2.273536482282920515e-04,2.099999999999999870e-03,2.516498385311426134e+01
1.024999999999999911e+00,2.273536482282920515e-04,2.099999999999999870e-03,2.516498385311426134e+01
1.030000000000000027e+00,2.273536482282920515e-04,2.099999999999999870e-03,2.516498385311426134e+01
1.034999999999999920e+00,2.273536482282920515e-04,2.099999999999999870e-03,2.516498385311426134e+01
1.040000000000000036e+00,2.273536482282920515e-04,2.099999999999999870e-03,2.516498385311426489e+01
1.044999999999999929e+00,2.273536482282920515e-04,2.099999999999999870e-03,2.516498385311426489e+01
1.050000000000000044e+00,2.273536482282920515e-04,2.099999999999999870e-03,2.516498385311426489e+01
1.054999999999999938e+00,2.273536482282920244e-04,2.099999999999999870e-03,2.516498385311426489e+01
1.060000000000000053e+00,2.273536482282920244e-04,2.099999999999999870e-03,2.516498385311426489e+01
1.064999999999999947e+00,2.273536482282919702e-04,2.099999999999999870e-03,2.516498385311426489e+01
1.070000000000000062e+00,2.273536482282919702e-04,2.099999999999999870e-03,2.516498385311426489e+01
1.074999999999999956e+00,2.273536482282919702e-04,2.099999999999999870e-03,2.516498385311426489e+01
1.080000000000000071e+00,2.273536482282919702e-04,2.099999999999999870e-03,2.516498385311426844e+01
1.084999999999999964e+00,2.273536482282919702e-04,2.099999999999999870e-03,2.516498385311426844e+01
1.090000000000000080e+00,2.273536482282919702e-04,2.099999999999999870e-03,2.516498385311426844e+01
1.094999999999999973e+00,2.273536482282919702e-04,2.099999999999999870e-03,2.516498385311426844e+01
1.100000000000000089e+00,2.273536482282919702e-04,2.099999999999999870e-03,2.516498385311426844e+01
1.100000000000000089e+00,2.273536482282919702e-04,2.099999999999999870e-03,2.516498385311426489e+01
1.104999999999999982e+00,2.273536482282919973e-04,2.099999999999999870e-03,2.516498385311426489e+01
1.110000000000000098e+00,2.273536482282919702e-04,2.099999999999999870e-03,2.516498385311426489e+01
1.114999999999999991e+00,2.273536482282919973e-04,2.099999999999999870e-03,2.516498385311426489e+01
1.120000000000000107e+00,2.273536482282919973e-04,2.099999999999999870e-03,2.516498385311426489e+01
1.125000000000000000e+00,2.273536482282919973e-04,2.099999999999999870e-03,2.516498385311426489e+01
1.130000000000000115e+00,2.273536482282919973e-04,2.099999999999999870e-03,2.516498385311426489e+01
1.135000000000000009e+00,2.273536482282919973e-04,2.099999999999999870e-03,2.516498385311426489e+01
1.140000000000000124e+00,2.273536482282919973e-04,2.099999999999999870e-03,2.516498385311426489e+01
1.145000000000000018e+00,2.273536482282919973e-04,2.099999999999999870e-03,2.516498385311426489e+01
1.150000000000000133e+00,2.273536482282919702e-04,2.099999999999999870e-03,2.516498385311426489e+01
1.155000000000000027e+00,2.273536482282919702e-04,2.099999999999999870e-03,2.516498385311426489e+01
1.160000000000000142e+00,2.273536482282919702e-04,2.099999999999999870e-03,2.516498385311426489e+01
1.165000000000000036e+00,2.273536482282919702e-04,2.099999999999999870e-03,2.516498385311426489e+01
1.170000000000000151e+00,2.273536482282919702e-04,2.099999999999999870e-03,2.516498385311426489e+01
1.175000000000000044e+00,2.273536482282919702e-04,2.099999999999999870e-03,2.516498385311426489e+01
1.180000000000000160e+00,2.273536482282919702e-04,2.099999999999999870e-03,2.516498385311426489e+01
1.185000000000000053e+00,2.273536482282919702e-04,2.099999999999999870e-03,2.516498385311426489e+01
1.190000000000000169e+00,2.273536482282919702e-04,2.099999999999999870e-03,2.516498385311426489e+01
1.195000000000000062e+00,2.273536482282919702e-04,2.099999999999999870e-03,2.516498385311426489e+01
1.200000000000000178e+00,2.273536482282919702e-04,2.099999999999999870e-03,2.516498385311426489e+01
1.200000000000000178e+00,2.273536482282919702e-04,2.099999999999999870e-03,2.516498385311426489e+01
1.205000000000000071e+00,2.273536482282919702e-04,2.099999999999999870e-03,2.516498385311426489e+01
1.210000000000000187e+00,2.273536482282919702e-04,2.099999999999999870e-03,2.516498385311426489e+01
1.215000000000000080e+00,2.273536482282919973e-04,2.099999999999999870e-03,2.516498385311426489e+01
1.220000000000000195e+00,2.273536482282919973e-04,2.099999999999999870e-03,2.516498385311426134e+01
1.225000000000000089e+00,2.273536482282919973e-04,2.099999999999999870e-03,2.516498385311426134e+01
1.230000000000000204e+00,2.273536482282920244e-04,2.099999999999999870e-03,2.516498385311426134e+01
1.235000000000000098e+00,2.273536482282920244e-04,2.099999999999999870e-03,2.516498385311426134e+01
1.240000000000000213e+00,2.273536482282919973e-04,2.099999999999999870e-03,2.516498385311426134e+01
1.245000000000000107e+00,2.273536482282919973e-04,2.099999999999999870e-03,2.516498385311426134e+01
1.250000000000000222e+00,2.273536482282920244e-04,2.099999999999999870e-03,2.516498385311426134e+01
1.255000000000000115e+00,2.273536482282919973e-04,2.099999999999999870e-03,2.516498385311426134e+01
1.260000000000000231e+00,2.273536482282919702e-04,2.099999999999999870e-03,2.516498385311426134e+01
1.265000000000000124e+00,2.273536482282919702e-04,2.099999999999999870e-03,2.516498385311426134e+01
1.270000000000000240e+00,2.273536482282919702e-04,2.099999999999999870e-03,2.516498385311426134e+01
1.275000000000000133e+00,2.273536482282919702e-04,2.099999999999999870e-03,2.516498385311426134e+01
1.280000000000000249e+00,2.273536482282919702e-04,2.099999999999999870e-03,2.516498385311426134e+01
1.285000000000000142e+00,2.273536482282919702e-04,2.099999999999999870e-03,2.516498385311426134e+01
1.290000000000000258e+00,2.273536482282919702e-04,2.099999999999999870e-03,2.516498385311426134e+01
1.295000000000000151e+00,2.273536482282919702e-04,2.099999999999999870e-03,2.516498385311426134e+01
1.300000000000000266e+00,2.273536482282919702e-04,2.099999999999999870e-03,2.516498385311426134e+01
1.300000000000000044e+00,2.273536482282920244e-04,2.099999999999999870e-03,2.516498385311426134e+01
1.304999999999999938e+00,2.273536482282919702e-04,2.099999999999999870e-03,2.516498385311426134e+01
1.310000000000000053e+00,2.273536482282919702e-04,2.099999999999999870e-03,2.516498385311426134e+01
1.314999999999999947e+00,2.273536482282919973e-04,2.099999999999999870e-03,2.516498385311426134e+01
1.320000000000000062e+00,2.273536482282920244e-04,2.099999999999999870e-03,2.516498385311426134e+01
1.324999999999999956e+00,2.273536482282919973e-04,2.099999999999999870e-03,2.516498385311426489e+01
1.330000000000000071e+00,2.273536482282920244e-04,2.099999999999999870e-03,2.516498385311426489e+01
1.334999999999999964e+00,2.273536482282919973e-04,2.099999999999999870e-03,2.516498385311426489e+01
1.340000000000000080e+00,2.273536482282919702e-04,2.099999999999999870e-03,2.516498385311426489e+01
1.344999999999999973e+00,2.273536482282919702e-04,2.099999999999999870e-03,2.516498385311426489e+01
1.350000000000000089e+00,2.273536482282919702e-04,2.099999999999999870e-03,2.516498385311426489e+01
1.354999999999999982e+00,2.273536482282919702e-04,2.099999999999999870e-03,2.516498385311426489e+01
1.360000000000000098e+00,2.273536482282919702e-04,2.099999999999999870e-03,2.516498385311426489e+01
1.364999999999999991e+00,2.273536482282919702e-04,2.099999999999999870e-03,2.516498385311426489e+01
1.370000000000000107e+00,2.273536482282919702e-04,2.099999999999999870e-03,2.516498385311426489e+01
1.375000000000000000e+00,2.273536482282919702e-04,2.099999999999999870e-03,2.516498385311426489e+01
1.380000000000000115e+00,2.273536482282919702e-04,2.099999999999999870e-03,2.516498385311426489e+01
1.385000000000000009e+00,2.273536482282919702e-04,2.099999999999999870e-03,2.516498385311426489e+01
1.390000000000000124e+00,2.273536482282919702e-04,2.099999999999999870e-03,2.516498385311426489e+01
1.395000000000000018e+00,2.273536482282919702e-04,2.099999999999999870e-03,2.516498385311426489e+01
1.400000000000000133e+00,2.273536482282919702e-04,2.099999999999999870e-03,2.516498385311426489e+01
1.400000000000000133e+00,2.273536482282919702e-04,2.099999999999999870e-03,2.516498385311426489e+01
1.405000000000000027e+00,2.273536482282919702e-04,2.099999999999999870e-03,2.516498385311426489e+01
1.410000000000000142e+00,2.273536482282919702e-04,2.099999999999999870e-03,2.516498385311426489e+01
1.415000000000000036e+00,2.273536482282919702e-04,2.099999999999999870e-03,2.516498385311426489e+01
1.420000000000000151e+00,2.273536482282919973e-04,2.099999999999999870e-03,2.516498385311426489e+01
1.425000000000000044e+00,2.273536482282919973e-04,2.099999999999999870e-03,2.516498385311426489e+01
1.430000000000000160e+00,2.273536482282919973e-04,2.099999999999999870e-03,2.516498385311426489e+01
1.435000000000000053e+00,2.273536482282919973e-04,2.099999999999999870e-03,2.516498385311426489e+01
1.440000000000000169e+00,2.273536482282919702e-04,2.099999999999999870e-03,2.516498385311426489e+01
1.445000000000000062e+00,2.273536482282919702e-04,2.099999999999999870e-03,2.516498385311426489e+01
1.450000000000000178e+00,2.273536482282919702e-04,2.099999999999999870e-03,2.516498385311426489e+01
1.455000000000000071e+00,2.273536482282919702e-04,2.099999999999999870e-03,2.516498385311426489e+01
1.460000000000000187e+00,2.273536482282919702e-04,2.099999999999999870e-03,2.516498385311426844e+01
1.465000000000000080e+00,2.273536482282919702e-04,2.099999999999999870e-03,2.516498385311426844e+01
1.470000000000000195e+00,2.273536482282919702e-04,2.099999999999999870e-03,2.516498385311426844e+01
1.475000000000000089e+00,2.273536482282919702e-04,2.099999999999999870e-03,2.516498385311426844e+01
1.480000000000000204e+00,2.273536482282919702e-04,2.099999999999999870e-03,2.516498385311426844e+01
1.485000000000000098e+00,2.273536482282919702e-04,2.099999999999999870e-03,2.516498385311426844e+01
1.490000000000000213e+00,2.273536482282919702e-04,2.099999999999999870e-03,2.516498385311426844e+01
1.495000000000000107e+00,2.273536482282919702e-04,2.099999999999999870e-03,2.516498385311426844e+01
1.500000000000000222e+00,2.273536482282919702e-04,2.099999999999999870e-03,2.516498385311426844e+01
1.500000000000000000e+00,2.273536482282919702e-04,2.099999999999999870e-03,2.516498385311426844e+01
1.504999999999999893e+00,2.273536482282919702e-04,2.099999999999999870e-03,2.516498385311426844e+01
1.510000000000000009e+00,2.273536482282919702e-04,2.099999999999999870e-03,2.516498385311426844e+01
1.514999999999999902e+00,2.273536482282919702e-04,2.099999999999999870e-03,2.516498385311426489e+01
1.520000000000000018e+00,2.273536482282919702e-04,2.099999999999999870e-03,2.516498385311426489e+01
1.524999999999999911e+00,2.273536482282919702e-04,2.099999999999999870e-03,2.516498385311426489e+01
1.530000000000000027e+00,2.273536482282919702e-04,2.099999999999999870e-03,2.516498385311426489e+01
1.534999999999999920e+00,2.273536482282919702e-04,2.099999999999999870e-03,2.516498385311426489e+01
1.540000000000000036e+00,2.273536482282919973e-04,2.099999999999999870e-03,2.516498385311426489e+01
1.544999999999999929e+00,2.273536482282919973e-04,2.099999999999999870e-03,2.516498385311426489e+01
1.550000000000000044e+00,2.273536482282919702e-04,2.099999999999999870e-03,2.516498385311426489e+01
1.554999999999999938e+00,2.273536482282919702e-04,2.099999999999999870e-03,2.516498385311426844e+01
1.560000000000000053e+00,2.273536482282919702e-04,2.099999999999999870e-03,2.516498385311426844e+01
1.564999999999999947e+00,2.273536482282919702e-04,2.099999999999999870e-03,2.516498385311426844e+01
1.570000000000000062e+00,2.273536482282919702e-04,2.099999999999999870e-03,2.516498385311426844e+01
1.574999999999999956e+00,2.273536482282919702e-04,2.099999999999999870e-03,2.516498385311426844e+01
1.580000000000000071e+00,2.273536482282919702e-04,2.099999999999999870e-03,2.516498385311426844e+01
1.584999999999999964e+00,2.273536482282919702e-04,2.099999999999999870e-03,2.516498385311426844e+01
1.590000000000000080e+00,2.273536482282919702e-04,2.099999999999999870e-03,2.516498385311426844e+01
1.594999999999999973e+00,2.273536482282919702e-04,2.099999999999999870e-03,2.516498385311426844e+01
1.600000000000000089e+00,2.273536482282919702e-04,2.099999999999999870e-03,2.516498385311426844e+01
1.600000000000000089e+00,2.273536482282919973e-04,2.099999999999999870e-03,2.516498385311426844e+01
1.604999999999999982e+00,2.273536482282919973e-04,2.099999999999999870e-03,2.516498385311426489e+01
1.610000000000000098e+00,2.273536482282919973e-04,2.099999999999999870e-03,2.516498385311426134e+01
1.614999999999999991e+00,2.273536482282920244e-04,2.099999999999999870e-03,2.516498385311426134e+01
1.620000000000000107e+00,2.273536482282919973e-04,2.099999999999999870e-03,2.516498385311426489e+01
1.625000000000000000e+00,2.273536482282919973e-04,2.099999999999999870e-03,2.516498385311426489e+01
1.630000000000000115e+00,2.273536482282919973e-04,2.099999999999999870e-03,2.516498385311426489e+01
1.635000000000000009e+00,2.273536482282919973e-04,2.099999999999999870e-03,2.516498385311426489e+01
1.640000000000000124e+00,2.273536482282919702e-04,2.099999999999999870e-03,2.516498385311426134e+01
1.645000000000000018e+00,2.273536482282919702e-04,2.099999999999999870e-03,2.516498385311426134e+01
1.650000000000000133e+00,2.273536482282919702e-04,2.099999999999999870e-03,2.516498385311426134e+01
1.655000000000000027e+00,2.273536482282919702e-04,2.099999999999999870e-03,2.516498385311426134e+01
1.660000000000000142e+00,2.273536482282919702e-04,2.099999999999999870e-03,2.516498385311426134e+01
1.665000000000000036e+00,2.273536482282919702e-04,2.099999999999999870e-03,2.516498385311426134e+01
1.670000000000000151e+00,2.273536482282919702e-04,2.099999999999999870e-03,2.516498385311426134e+01
1.675000000000000044e+00,2.273536482282919702e-04,2.099999999999999870e-03,2.516498385311426134e+01
1.680000000000000160e+00,2.273536482282919702e-04,2.099999999999999870e-03,2.516498385311426134e+01
1.685000000000000053e+00,2.273536482282919702e-04,2.099999999999999870e-03,2.516498385311426134e+01
1.690000000000000169e+00,2.273536482282919702e-04,2.099999999999999870e-03,2.516498385311426134e+01
1.695000000000000062e+00,2.273536482282919702e-04,2.099999999999999870e-03,2.516498385311426134e+01
1.700000000000000178e+00,2.273536482282919702e-04,2.099999999999999870e-03,2.516498385311426134e+01
1.700000000000000178e+00,2.273536482282920244e-04,2.099999999999999870e-03,2.516498385311426489e+01
1.705000000000000071e+00,2.273536482282919973e-04,2.099999999999999870e-03,2.516498385311426489e+01
1.710000000000000187e+00,2.273536482282919702e-04,2.099999999999999870e-03,2.516498385311426134e+01
1.715000000000000080e+00,2.273536482282919973e-04,2.099999999999999870e-03,2.516498385311426134e+01
1.720000000000000195e+00,2.273536482282919973e-04,2.099999999999999870e-03,2.516498385311426489e+01
1.725000000000000089e+00,2.273536482282919973e-04,2.099999999999999870e-03,2.516498385311426489e+01
1.730000000000000204e+00,2.273536482282919973e-04,2.099999999999999870e-03,2.516498385311426489e+01
1.735000000000000098e+00,2.273536482282919973e-04,2.099999999999999870e-03,2.516498385311426489e+01
1.740000000000000213e+00,2.273536482282919702e-04,2.099999999999999870e-03,2.516498385311426489e+01
1.745000000000000107e+00,2.273536482282919702e-04,2.099999999999999870e-03,2.516498385311426134e+01
1.750000000000000222e+00,2.273536482282919702e-04,2.099999999999999870e-03,2.516498385311426134e+01
1.755000000000000115e+00,2.273536482282919702e-04,2.099999999999999870e-03,2.516498385311426134e+01
1.760000000000000231e+00,2.273536482282919702e-04,2.099999999999999870e-03,2.516498385311426134e+01
1.765000000000000124e+00,2.273536482282919702e-04,2.099999999999999870e-03,2.516498385311426134e+01
1.770000000000000240e+00,2.273536482282919702e-04,2.099999999999999870e-03,2.516498385311426134e+01
1.775000000000000133e+00,2.273536482282919702e-04,2.099999999999999870e-03,2.516498385311426134e+01
1.780000000000000249e+00,2.273536482282919702e-04,2.099999999999999870e-03,2.516498385311426134e+01
1.785000000000000142e+00,2.273536482282919702e-04,2.099999999999999870e-03,2.516498385311426134e+01
1.790000000000000258e+00,2.273536482282919702e-04,2.099999999999999870e-03,2.516498385311426134e+01
1.795000000000000151e+00,2.273536482282919702e-04,2.099999999999999870e-03,2.516498385311426134e+01
1.800000000000000266e+00,2.273536482282919702e-04,2.099999999999999870e-03,2.516498385311426134e+01
1.800000000000000044e+00,2.273536482282919702e-04,2.099999999999999870e-03,2.516498385311426489e+01
1.804999999999999938e+00,2.273536482282919973e-04,2.099999999999999870e-03,2.516498385311426489e+01
1.810000000000000053e+00,2.273536482282919702e-04,2.099999999999999870e-03,2.516498385311426134e+01
1.814999999999999947e+00,2.273536482282919973e-04,2.099999999999999870e-03,2.516498385311426134e+01
1.820000000000000062e+00,2.273536482282919702e-04,2.099999999999999870e-03,2.516498385311426489e+01
1.824999999999999956e+00,2.273536482282919702e-04,2.099999999999999870e-03,2.516498385311426489e+01
1.830000000000000071e+00,2.273536482282919973e-04,2.099999999999999870e-03,2.516498385311426489e+01
1.834999999999999964e+00,2.273536482282919973e-04,2.099999999999999870e-03,2.516498385311426489e+01
1.840000000000000080e+00,2.273536482282919702e-04,2.099999999999999870e-03,2.516498385311426489e+01
1.844999999999999973e+00,2.273536482282919702e-04,2.099999999999999870e-03,2.516498385311426489e+01
1.850000000000000089e+00,2.273536482282919702e-04,2.099999999999999870e-03,2.516498385311426489e+01
1.854999999999999982e+00,2.273536482282919702e-04,2.099999999999999870e-03,2.516498385311426489e+01
1.860000000000000098e+00,2.273536482282919702e-04,2.099999999999999870e-03,2.516498385311426489e+01
1.864999999999999991e+00,2.273536482282919702e-04,2.099999999999999870e-03,2.516498385311426489e+01
1.870000000000000107e+00,2.273536482282919702e-04,2.099999999999999870e-03,2.516498385311426489e+01
1.875000000000000000e+00,2.273536482282919702e-04,2.099999999999999870e-03,2.516498385311426489e+01
1.880000000000000115e+00,2.273536482282919973e-04,2.099999999999999870e-03,2.516498385311426489e+01
1.885000000000000009e+00,2.273536482282919973e-04,2.099999999999999870e-03,2.516498385311426489e+01
1.890000000000000124e+00,2.273536482282919973e-04,2.099999999999999870e-03,2.516498385311426489e+01
1.895000000000000018e+00,2.273536482282919973e-04,2.099999999999999870e-03,2.516498385311426489e+01
1.900000000000000133e+00,2.273536482282919973e-04,2.099999999999999870e-03,2.516498385311426489e+01
1.900000000000000133e+00,2.273536482282919973e-04,2.099999999999999870e-03,2.516498385311426134e+01
1.905000000000000027e+00,2.273536482282919702e-04,2.099999999999999870e-03,2.516498385311426489e+01
1.910000000000000142e+00,2.273536482282919702e-04,2.099999999999999870e-03,2.516498385311426489e+01
1.915000000000000036e+00,2.273536482282919973e-04,2.099999999999999870e-03,2.516498385311426844e+01
1.920000000000000151e+00,2.273536482282920244e-04,2.099999999999999870e-03,2.516498385311426844e+01
1.925000000000000044e+00,2.273536482282920244e-04,2.099999999999999870e-03,2.516498385311426844e+01
1.930000000000000160e+00,2.273536482282920244e-04,2.099999999999999870e-03,2.516498385311426844e+01
1.935000000000000053e+00,2.273536482282920244e-04,2.099999999999999870e-03,2.516498385311426844e+01
1.940000000000000169e+00,2.273536482282919973e-04,2.099999999999999870e-03,2.516498385311426844e+01
1.945000000000000062e+00,2.273536482282919973e-04,2.099999999999999870e-03,2.516498385311426844e+01
1.950000000000000178e+00,2.273536482282920244e-04,2.099999999999999870e-03,2.516498385311426489e+01
1.955000000000000071e+00,2.273536482282920244e-04,2.099999999999999870e-03,2.516498385311426489e+01
1.960000000000000187e+00,2.273536482282920244e-04,2.099999999999999870e-03,2.516498385311426489e+01
1.965000000000000080e+00,2.273536482282920244e-04,2.099999999999999870e-03,2.516498385311426489e+01
1.970000000000000195e+00,2.273536482282920244e-04,2.099999999999999870e-03,2.516498385311426489e+01
1.975000000000000089e+00,2.273536482282920244e-04,2.099999999999999870e-03,2.516498385311426489e+01
1.980000000000000204e+00,2.273536482282920244e-04,2.099999999999999870e-03,2.516498385311426489e+01
1.985000000000000098e+00,2.273536482282920244e-04,2.099999999999999870e-03,2.516498385311426489e+01
1.990000000000000213e+00,2.273536482282920244e-04,2.099999999999999870e-03,2.516498385311426489e+01
1.995000000000000107e+00,2.273536482282920244e-04,2.099999999999999870e-03,2.516498385311426489e+01
2.000000000000000000e+00,2.273536482282920244e-04,2.099999999999999870e-03,2.516498385311426489e+01
2.000000000000000000e+00,2.273536482282920244e-04,2.399999999999999790e-03,2.516498385311426489e+01
2.004999999999999893e+00,2.273650241847520904e-04,2.399999999999999790e-03,2.516498385667663129e+01
2.009999999999999787e+00,2.273784800347254068e-04,2.399999999999999790e-03,2.516498380574196148e+01
2.015000000000000124e+00,2.273930431108326354e-04,2.399999999999999790e-03,2.516498364769428875e+01
2.020000000000000018e+00,2.274085466628731603e-04,2.399999999999999790e-03,2.516498330032412412e+01
2.024999999999999911e+00,2.274249235318948352e-04,2.399999999999999790e-03,2.516498262673222897e+01
2.029999999999999805e+00,2.274421149235984242e-04,2.399999999999999790e-03,2.516498139712240700e+01
2.035000000000000142e+00,2.274600195814832388e-04,2.399999999999999790e-03,2.516497921883350131e+01
2.040000000000000036e+00,2.274784797558044799e-04,2.399999999999999790e-03,2.516497544513448759e+01
2.044999999999999929e+00,2.274972843360703752e-04,2.399999999999999790e-03,2.516496900781073975e+01
2.049999999999999822e+00,2.275161778320493604e-04,2.399999999999999790e-03,2.516495815574049288e+01
2.055000000000000160e+00,2.275348764438369872e-04,2.399999999999999790e-03,2.516493997151187401e+01
2.060000000000000053e+00,2.275530917938886470e-04,2.399999999999999790e-03,2.516490996817648806e+01
2.064999999999999947e+00,2.275705467182307100e-04,2.399999999999999790e-03,2.516486117158115121e+01
2.069999999999999840e+00,2.275869929561899810e-04,2.399999999999999790e-03,2.516478304746560468e+01
2.075000000000000178e+00,2.276022269822470514e-04,2.399999999999999790e-03,2.516465988115443508e+01
2.080000000000000071e+00,2.276160938415401809e-04,2.399999999999999790e-03,2.516446993150485767e+01
2.084999999999999964e+00,2.276285002562128206e-04,2.399999999999999790e-03,2.516418294605201211e+01
2.089999999999999858e+00,2.276394129792251380e-04,2.399999999999999790e-03,2.516375962445115988e+01
2.095000000000000195e+00,2.276488569961555722e-04,2.399999999999999790e-03,2.516315177015939497e+01
2.100000000000000089e+00,2.276569173053274173e-04,2.399999999999999790e-03,2.516230181883578609e+01
2.100000000000000089e+00,2.276569173053274173e-04,2.399999999999999790e-03,2.516230181883578609e+01
2.104999999999999982e+00,2.276637075328023037e-04,2.399999999999999790e-03,2.516110055497961895e+01
2.109999999999999876e+00,2.276696272665270011e-04,2.399999999999999790e-03,2.515953101432897299e+01
2.115000000000000213e+00,2.276749359544886109e-04,2.399999999999999790e-03,2.515754962771980630e+01
2.120000000000000107e+00,2.276801606793713538e-04,2.399999999999999790e-03,2.515516486011962272e+01
2.125000000000000000e+00,2.276863911572406870e-04,2.399999999999999790e-03,2.515256338669953706e+01
2.129999999999999893e+00,2.276944599897326568e-04,2.399999999999999790e-03,2.514985148637175527e+01
2.135000000000000231e+00,2.277074991851748111e-04,2.399999999999999790e-03,2.514776726237441196e+01
2.140000000000000124e+00,2.277274817566231433e-04,2.399999999999999790e-03,2.514672387070182324e+01
2.145000000000000018e+00,2.277608013167691523e-04,2.399999999999999790e-03,2.514829729594204011e+01
2.149999999999999911e+00,2.278117987631068909e-04,2.399999999999999790e-03,2.515347969029811637e+01
2.155000000000000249e+00,2.278913112594018560e-04,2.399999999999999790e-03,2.516475662247110279e+01
2.160000000000000142e+00,2.280089990155940484e-04,2.399999999999999790e-03,2.518421969886095724e+01
2.165000000000000036e+00,2.281780292002982087e-04,2.399999999999999790e-03,2.521440405430443121e+01
2.169999999999999929e+00,2.284135263737859585e-04,2.399999999999999790e-03,2.525781172148915132e+01
2.175000000000000266e+00,2.287330162663733194e-04,2.399999999999999790e-03,2.531691982569121890e+01
2.180000000000000160e+00,2.291529047193724617e-04,2.399999999999999790e-03,2.539272991782804922e+01
2.185000000000000053e+00,2.296910681587295219e-04,2.399999999999999790e-03,2.548614009533371316e+01
2.189999999999999947e+00,2.303599971813238096e-04,2.399999999999999790e-03,2.559544983705087517e+01
2.195000000000000284e+00,2.311713246449032585e-04,2.399999999999999790e-03,2.571834198843560415e+01
2.200000000000000178e+00,2.321292201676691976e-04,2.399999999999999790e-03,2.585023239992885991e+01
2.200000000000000178e+00,2.321292201676692518e-04,2.399999999999999790e-03,2.585023239992885635e+01
2.205000000000000071e+00,2.332518618696854224e-04,2.399999999999999790e-03,2.598500061250997817e+01
2.209999999999999964e+00,2.344967868552749464e-04,2.399999999999999790e-03,2.611573834320555321e+01
2.215000000000000302e+00,2.358577465573453373e-04,2.399999999999999790e-03,2.624023489703870737e+01
2.220000000000000195e+00,2.373271912535240716e-04,2.399999999999999790e-03,2.635561368007486038e+01
2.225000000000000089e+00,2.388876524296123887e-04,2.399999999999999790e-03,2.645872348215428360e+01
2.229999999999999982e+00,2.405234517124156827e-04,2.399999999999999790e-03,2.654960005394417166e+01
2.235000000000000320e+00,2.422201310948192941e-04,2.399999999999999790e-03,2.662669269810342243e+01
2.240000000000000213e+00,2.439578563637554299e-04,2.399999999999999790e-03,2.669078361026508972e+01
2.245000000000000107e+00,2.457167994975562020e-04,2.399999999999999790e-03,2.674269269702163143e+01
2.250000000000000000e+00,2.474787096910155675e-04,2.399999999999999790e-03,2.678333037325826638e+01
2.255000000000000338e+00,2.492228311331071144e-04,2.399999999999999790e-03,2.681524209632154410e+01
2.260000000000000231e+00,2.509310266132274369e-04,2.399999999999999790e-03,2.683927039600599329e+01
2.265000000000000124e+00,2.525851532101617289e-04,2.399999999999999790e-03,2.685760912171512160e+01
2.270000000000000018e+00,2.541672015589981374e-04,2.399999999999999790e-03,2.687187227119450839e+01
2.275000000000000355e+00,2.556619283364592091e-04,2.399999999999999790e-03,2.688247643619644123e+01
2.280000000000000249e+00,2.570533955203712631e-04,2.399999999999999790e-03,2.689074881100697922e+01
2.285000000000000142e+00,2.583311446620660079e-04,2.399999999999999790e-03,2.689688104069940167e+01
2.290000000000000036e+00,2.594835598751909361e-04,2.399999999999999790e-03,2.690123868349649428e+01
2.295000000000000373e+00,2.605060817775777947e-04,2.399999999999999790e-03,2.690423355030322128e+01
2.300000000000000266e+00,2.613956775319660106e-04,2.399999999999999790e-03,2.690599092037659545e+01
2.300000000000000266e+00,2.613956775319660106e-04,2.399999999999999790e-03,2.690599092037659545e+01
2.305000000000000160e+00,2.621352498891687480e-04,2.399999999999999790e-03,2.690697351171390395e+01
2.310000000000000053e+00,2.627667284489647206e-04,2.399999999999999790e-03,2.690774982244790792e+01
2.315000000000000391e+00,2.632988037048459196e-04,2.399999999999999790e-03,2.690835559823462120e+01
2.320000000000000284e+00,2.637431074909199588e-04,2.399999999999999790e-03,2.690883411197578212e+01
2.325000000000000178e+00,2.640997152305957305e-04,2.399999999999999790e-03,2.690918186237975007e+01
2.330000000000000071e+00,2.643886139125433093e-04,2.399999999999999790e-03,2.690942868313559444e+01
2.335000000000000409e+00,2.646161721335109655e-04,2.399999999999999790e-03,2.690958441218267083e+01
2.340000000000000302e+00,2.647920713357246759e-04,2.399999999999999790e-03,2.690966355356087902e+01
2.345000000000000195e+00,2.649262023161995101e-04,2.399999999999999790e-03,2.690968222373091834e+01
2.350000000000000089e+00,2.650266154380585544e-04,2.399999999999999790e-03,2.690965953556824175e+01
2.355000000000000426e+00,2.650999991949668151e-04,2.399999999999999790e-03,2.690961734883113721e+01
2.360000000000000320e+00,2.651562027185261090e-04,2.399999999999999790e-03,2.690957104994373239e+01
2.365000000000000213e+00,2.651974073854490533e-04,2.399999999999999790e-03,2.690952976476270209e+01
2.370000000000000107e+00,2.652259417758674243e-04,2.399999999999999790e-03,2.690950282059771936e+01
2.375000000000000444e+00,2.652500840716865934e-04,2.399999999999999790e-03,2.690950751313999945e+01
2.380000000000000338e+00,2.652670427695235115e-04,2.399999999999999790e-03,2.690952373127593589e+01
2.385000000000000231e+00,2.652784990672070790e-04,2.399999999999999790e-03,2.690954925288159671e+01
2.390000000000000124e+00,2.652890219074855241e-04,2.399999999999999790e-03,2.690959340822223567e+01
2.395000000000000462e+00,2.652967566116266928e-04,2.399999999999999790e-03,2.690963290130327579e+01
2.400000000000000355e+00,2.653019146267131386e-04,2.399999999999999790e-03,2.690965582295436320e+01
2.400000000000000355e+00,2.653019146267131386e-04,2.399999999999999790e-03,2.690965582295436320e+01
2.405000000000000249e+00,2.653040642003361886e-04,2.399999999999999790e-03,2.690965091140345677e+01
2.410000000000000142e+00,2.653057323042028680e-04,2.399999999999999790e-03,2.690964247226913386e+01
2.415000000000000480e+00,2.653074003991777344e-04,2.399999999999999790e-03,2.690963403313480740e+01
2.420000000000000373e+00,2.653088755488757660e-04,2.399999999999999790e-03,2.690962687606377202e+01
2.425000000000000266e+00,2.653099019428025395e-04,2.399999999999999790e-03,2.690962270093888264e+01
2.430000000000000160e+00,2.653109283326419250e-04,2.399999999999999790e-03,2.690961852581398972e+01
2.435000000000000497e+00,2.653117611521998162e-04,2.399999999999999790e-03,2.690961520836644283e+01
2.440000000000000391e+00,2.653118991963380026e-04,2.399999999999999790e-03,2.690961496940938602e+01
2.445000000000000284e+00,2.653120372403245633e-04,2.399999999999999790e-03,2.690961473045232566e+01
2.450000000000000178e+00,2.653121752841594984e-04,2.399999999999999790e-03,2.690961449149526885e+01
2.455000000000000515e+00,2.653123133278428619e-04,2.399999999999999790e-03,2.690961425253820849e+01
2.460000000000000409e+00,2.653124513713745456e-04,2.399999999999999790e-03,2.690961401358115168e+01
2.465000000000000302e+00,2.653125894147547663e-04,2.399999999999999790e-03,2.690961377462409132e+01
2.470000000000000195e+00,2.653127274579833070e-04,2.399999999999999790e-03,2.690961353566703451e+01
2.475000000000000533e+00,2.653128655010602221e-04,2.399999999999999790e-03,2.690961329670997415e+01
2.480000000000000426e+00,2.653130035439854573e-04,2.399999999999999790e-03,2.690961305775291734e+01
2.485000000000000320e+00,2.653131415867590668e-04,2.399999999999999790e-03,2.690961281879585698e+01
2.490000000000000213e+00,2.653132796293812675e-04,2.399999999999999790e-03,2.690961257983880017e+01
2.495000000000000551e+00,2.653134176718516799e-04,2.399999999999999790e-03,2.690961234088173981e+01
2.500000000000000444e+00,2.653135557141705209e-04,2.399999999999999790e-03,2.690961210192468300e+01
2.500000000000000000e+00,2.653135557141705209e-04,2.399999999999999790e-03,2.690961210192468656e+01
2.504999999999999893e+00,2.653135009204656827e-04,2.399999999999999790e-03,2.690961244388036278e+01
2.509999999999999787e+00,2.653134454807526410e-04,2.399999999999999790e-03,2.690961274119442237e+01
2.515000000000000124e+00,2.653133883346890437e-04,2.399999999999999790e-03,2.690961292058974408e+01
2.520000000000000018e+00,2.653133575162710221e-04,2.399999999999999790e-03,2.690961300790336708e+01
2.524999999999999911e+00,2.653133483056525888e-04,2.399999999999999790e-03,2.690961301964311758e+01
2.529999999999999805e+00,2.653133390950337218e-04,2.399999999999999790e-03,2.690961303138286809e+01
2.535000000000000142e+00,2.653133298844144753e-04,2.399999999999999790e-03,2.690961304312261859e+01
2.540000000000000036e+00,2.653133206737948494e-04,2.399999999999999790e-03,2.690961305486236910e+01
2.544999999999999929e+00,2.653133114631746814e-04,2.399999999999999790e-03,2.690961306660211960e+01
2.549999999999999822e+00,2.653133022525542423e-04,2.399999999999999790e-03,2.690961307834187011e+01
2.555000000000000160e+00,2.653132930419333153e-04,2.399999999999999790e-03,2.690961309008162061e+01
2.560000000000000053e+00,2.653132838313119546e-04,2.399999999999999790e-03,2.690961310182137112e+01
2.564999999999999947e+00,2.653132746206901061e-04,2.399999999999999790e-03,2.690961311356112162e+01
2.569999999999999840e+00,2.653132654100679865e-04,2.399999999999999790e-03,2.690961312530087213e+01
2.575000000000000178e+00,2.653132561994453790e-04,2.399999999999999790e-03,2.690961313704062263e+01
2.580000000000000071e+00,2.653132469888223378e-04,2.399999999999999790e-03,2.690961314878037314e+01
2.584999999999999964e+00,2.653132377781988087e-04,2.399999999999999790e-03,2.690961316052012364e+01
2.589999999999999858e+00,2.653132285675749544e-04,2.399999999999999790e-03,2.690961317225987415e+01
2.595000000000000195e+00,2.653132193569505580e-04,2.399999999999999790e-03,2.690961318399962465e+01
2.600000000000000089e+00,2.653132101463258363e-04,2.399999999999999790e-03,2.690961319573937516e+01
2.600000000000000089e+00,2.653132101463258363e-04,2.399999999999999790e-03,2.690961319573937516e+01
2.604999999999999982e+00,2.653132114040547833e-04,2.399999999999999790e-03,2.690961319008032859e+01
2.609999999999999876e+00,2.653132126617835677e-04,2.399999999999999790e-03,2.690961318442128558e+01
2.615000000000000213e+00,2.653132139195125689e-04,2.399999999999999790e-03,2.690961317876223902e+01
2.620000000000000107e+00,2.653132151772413534e-04,2.399999999999999790e-03,2.690961317310319245e+01
2.625000000000000000e+00,2.653132164349702462e-04,2.399999999999999790e-03,2.690961316744414944e+01
2.629999999999999893e+00,2.653132176926990306e-04,2.399999999999999790e-03,2.690961316178510288e+01
2.635000000000000231e+00,2.653132181191655099e-04,2.399999999999999790e-03,2.690961316077178012e+01
2.640000000000000124e+00,2.653132185151498078e-04,2.399999999999999790e-03,2.690961315992881353e+01
2.645000000000000018e+00,2.653132189111341056e-04,2.399999999999999790e-03,2.690961315908584695e+01
2.649999999999999911e+00,2.653132193071184577e-04,2.399999999999999790e-03,2.690961315824287681e+01
2.655000000000000249e+00,2.653132197031028098e-04,2.399999999999999790e-03,2.690961315739991022e+01
2.660000000000000142e+00,2.653132200990871619e-04,2.399999999999999790e-03,2.690961315655694364e+01
2.665000000000000036e+00,2.653132201281370580e-04,2.399999999999999790e-03,2.690961315654995190e+01
2.669999999999999929e+00,2.653132201292517805e-04,2.399999999999999790e-03,2.690961315660659992e+01
2.675000000000000266e+00,2.653132201303666114e-04,2.399999999999999790e-03,2.690961315666325149e+01
2.680000000000000160e+00,2.653132201314813881e-04,2.399999999999999790e-03,2.690961315671990306e+01
2.685000000000000053e+00,2.653132201325962732e-04,2.399999999999999790e-03,2.690961315677655463e+01
2.689999999999999947e+00,2.653132201337110498e-04,2.399999999999999790e-03,2.690961315683320265e+01
2.695000000000000284e+00,2.653132201348258265e-04,2.399999999999999790e-03,2.690961315688985422e+01
2.700000000000000178e+00,2.653132201359406574e-04,2.399999999999999790e-03,2.690961315694650580e+01
2.700000000000000178e+00,2.653132201359407116e-04,2.399999999999999790e-03,2.690961315694650224e+01
2.705000000000000071e+00,2.653132201318004688e-04,2.399999999999999790e-03,2.690961315697742862e+01
2.709999999999999964e+00,2.653132201276603343e-04,2.399999999999999790e-03,2.690961315700835499e+01
2.715000000000000302e+00,2.653132201235201457e-04,2.399999999999999790e-03,2.690961315703928136e+01
2.720000000000000195e+00,2.653132201193800113e-04,2.399999999999999790e-03,2.690961315707020418e+01
2.725000000000000089e+00,2.653132201152398227e-04,2.399999999999999790e-03,2.690961315710113055e+01
2.729999999999999982e+00,2.653132201110997425e-04,2.399999999999999790e-03,2.690961315713205693e+01
2.735000000000000320e+00,2.653132201069594996e-04,2.399999999999999790e-03,2.690961315716298330e+01
2.740000000000000213e+00,2.653132201028193110e-04,2.399999999999999790e-03,2.690961315719390967e+01
2.745000000000000107e+00,2.653132200986791766e-04,2.399999999999999790e-03,2.690961315722483604e+01
2.750000000000000000e+00,2.653132200945389880e-04,2.399999999999999790e-03,2.690961315725576242e+01
2.755000000000000338e+00,2.653132200903988536e-04,2.399999999999999790e-03,2.690961315728668524e+01
2.760000000000000231e+00,2.653132200862587191e-04,2.399999999999999790e-03,2.690961315731761161e+01
2.765000000000000124e+00,2.653132200821185847e-04,2.399999999999999790e-03,2.690961315734853798e+01
2.770000000000000018e+00,2.653132200779783961e-04,2.399999999999999790e-03,2.690961315737946435e+01
2.775000000000000355e+00,2.653132200738382617e-04,2.399999999999999790e-03,2.690961315741039073e+01
2.780000000000000249e+00,2.653132200696980188e-04,2.399999999999999790e-03,2.690961315744131710e+01
2.785000000000000142e+00,2.653132200655579386e-04,2.399999999999999790e-03,2.690961315747223992e+01
2.790000000000000036e+00,2.653132200614178042e-04,2.399999999999999790e-03,2.690961315750316629e+01
2.795000000000000373e+00,2.653132200572776698e-04,2.399999999999999790e-03,2.690961315753409266e+01
2.800000000000000266e+00,2.653132200531374270e-04,2.399999999999999790e-03,2.690961315756501904e+01
2.800000000000000266e+00,2.653132200531374812e-04,2.399999999999999790e-03,2.690961315756501548e+01
2.805000000000000160e+00,2.653132200542173465e-04,2.399999999999999790e-03,2.690961315756264227e+01
2.810000000000000053e+00,2.653132200552972119e-04,2.399999999999999790e-03,2.690961315756026551e+01
2.815000000000000391e+00,2.653132200563771315e-04,2.399999999999999790e-03,2.690961315755788874e+01
2.820000000000000284e+00,2.653132200574569426e-04,2.399999999999999790e-03,2.690961315755551553e+01
2.825000000000000178e+00,2.653132200585369706e-04,2.399999999999999790e-03,2.690961315755313876e+01
2.830000000000000071e+00,2.653132200596167818e-04,2.399999999999999790e-03,2.690961315755076555e+01
2.835000000000000409e+00,2.653132200606967014e-04,2.399999999999999790e-03,2.690961315754838878e+01
2.840000000000000302e+00,2.653132200617765667e-04,2.399999999999999790e-03,2.690961315754601202e+01
2.845000000000000195e+00,2.653132200628564863e-04,2.399999999999999790e-03,2.690961315754363881e+01
2.850000000000000089e+00,2.653132200639364059e-04,2.399999999999999790e-03,2.690961315754126204e+01
2.855000000000000426e+00,2.653132200650162712e-04,2.399999999999999790e-03,2.690961315753888883e+01
2.860000000000000320e+00,2.653132200660961908e-04,2.399999999999999790e-03,2.690961315753651206e+01
2.865000000000000213e+00,2.653132200671760562e-04,2.399999999999999790e-03,2.690961315753413530e+01
2.870000000000000107e+00,2.653132200682559757e-04,2.399999999999999790e-03,2.690961315753176208e+01
2.875000000000000444e+00,2.653132200693358953e-04,2.399999999999999790e-03,2.690961315752938532e+01
2.880000000000000338e+00,2.653132200704157607e-04,2.399999999999999790e-03,2.690961315752700855e+01
2.885000000000000231e+00,2.653132200714956260e-04,2.399999999999999790e-03,2.690961315752463534e+01
2.890000000000000124e+00,2.653132200725755456e-04,2.399999999999999790e-03,2.690961315752225858e+01
2.895000000000000462e+00,2.653132200736554652e-04,2.399999999999999790e-03,2.690961315751988536e+01
2.900000000000000355e+00,2.653132200747353306e-04,2.399999999999999790e-03,2.690961315751750860e+01
2.900000000000000355e+00,2.653132200747353306e-04,2.399999999999999790e-03,2.690961315751750860e+01
2.905000000000000249e+00,2.653132200745077565e-04,2.399999999999999790e-03,2.690961315751746241e+01
2.910000000000000142e+00,2.653132200742801825e-04,2.399999999999999790e-03,2.690961315751741623e+01
2.915000000000000480e+00,2.653132200740526084e-04,2.399999999999999790e-03,2.690961315751736649e+01
2.920000000000000373e+00,2.653132200738249802e-04,2.399999999999999790e-03,2.690961315751732030e+01
2.925000000000000266e+00,2.653132200735974604e-04,2.399999999999999790e-03,2.690961315751727412e+01
2.930000000000000160e+00,2.653132200733698863e-04,2.399999999999999790e-03,2.690961315751722793e+01
2.935000000000000497e+00,2.653132200731423665e-04,2.399999999999999790e-03,2.690961315751718175e+01
2.940000000000000391e+00,2.653132200729147383e-04,2.399999999999999790e-03,2.690961315751713201e+01
2.945000000000000284e+00,2.653132200726871642e-04,2.399999999999999790e-03,2.690961315751708582e+01
2.950000000000000178e+00,2.653132200724595902e-04,2.399999999999999790e-03,2.690961315751703964e+01
2.955000000000000515e+00,2.653132200722320162e-04,2.399999999999999790e-03,2.690961315751699345e+01
2.960000000000000409e+00,2.653132200720043879e-04,2.399999999999999790e-03,2.690961315751694727e+01
2.965000000000000302e+00,2.653132200717768139e-04,2.399999999999999790e-03,2.690961315751689753e+01
2.970000000000000195e+00,2.653132200715492398e-04,2.399999999999999790e-03,2.690961315751685135e+01
2.975000000000000533e+00,2.653132200713217200e-04,2.399999999999999790e-03,2.690961315751680516e+01
2.980000000000000426e+00,2.653132200710940918e-04,2.399999999999999790e-03,2.690961315751675897e+01
2.985000000000000320e+00,2.653132200708665177e-04,2.399999999999999790e-03,2.690961315751671279e+01
2.990000000000000213e+00,2.653132200706388895e-04,2.399999999999999790e-03,2.690961315751666305e+01
2.995000000000000551e+00,2.653132200704113697e-04,2.399999999999999790e-03,2.690961315751661687e+01
3.000000000000000444e+00,2.653132200701837414e-04,2.399999999999999790e-03,2.690961315751657068e+01
3.000000000000000000e+00,2.653132200701837414e-04,2.399999999999999790e-03,2.690961315751657068e+01
3.004999999999999893e+00,2.653132200701659605e-04,2.399999999999999790e-03,2.690961315751685490e+01
3.009999999999999787e+00,2.653132200702450530e-04,2.399999999999999790e-03,2.690961315751710359e+01
3.015000000000000124e+00,2.653132200703449081e-04,2.399999999999999790e-03,2.690961315751727412e+01
3.020000000000000018e+00,2.653132200704610261e-04,2.399999999999999790e-03,2.690961315751738425e+01
3.024999999999999911e+00,2.653132200705191936e-04,2.399999999999999790e-03,2.690961315751743044e+01
3.029999999999999805e+00,2.653132200705317703e-04,2.399999999999999790e-03,2.690961315751742333e+01
3.035000000000000142e+00,2.653132200705444555e-04,2.399999999999999790e-03,2.690961315751741978e+01
3.040000000000000036e+00,2.653132200705570864e-04,2.399999999999999790e-03,2.690961315751741267e+01
3.044999999999999929e+00,2.653132200705697716e-04,2.399999999999999790e-03,2.690961315751740557e+01
3.049999999999999822e+00,2.653132200705824568e-04,2.399999999999999790e-03,2.690961315751740202e+01
3.055000000000000160e+00,2.653132200705949793e-04,2.399999999999999790e-03,2.690961315751739491e+01
3.060000000000000053e+00,2.653132200706076645e-04,2.399999999999999790e-03,2.690961315751738780e+01
3.064999999999999947e+00,2.653132200706202954e-04,2.399999999999999790e-03,2.690961315751738425e+01
3.069999999999999840e+00,2.653132200706329264e-04,2.399999999999999790e-03,2.690961315751737715e+01
3.075000000000000178e+00,2.653132200706455573e-04,2.399999999999999790e-03,2.690961315751737004e+01
3.080000000000000071e+00,2.653132200706580799e-04,2.399999999999999790e-03,2.690961315751736649e+01
3.084999999999999964e+00,2.653132200706708192e-04,2.399999999999999790e-03,2.690961315751735938e+01
3.089999999999999858e+00,2.653132200706833960e-04,2.399999999999999790e-03,2.690961315751735228e+01
3.095000000000000195e+00,2.653132200706961354e-04,2.399999999999999790e-03,2.690961315751734872e+01
3.100000000000000089e+00,2.653132200707087121e-04,2.399999999999999790e-03,2.690961315751734162e+01
3.100000000000000089e+00,2.653132200707086579e-04,2.399999999999999790e-03,2.690961315751734162e+01
3.104999999999999982e+00,2.653132200706987374e-04,2.399999999999999790e-03,2.690961315751732741e+01
3.109999999999999876e+00,2.653132200706882207e-04,2.399999999999999790e-03,2.690961315751731675e+01
3.115000000000000213e+00,2.653132200706797097e-04,2.399999999999999790e-03,2.690961315751731320e+01
3.120000000000000107e+00,2.653132200706729876e-04,2.399999999999999790e-03,2.690961315751730965e+01
3.125000000000000000e+00,2.653132200706697892e-04,2.399999999999999790e-03,2.690961315751730965e+01
3.129999999999999893e+00,2.653132200706694640e-04,2.399999999999999790e-03,2.690961315751730965e+01
3.135000000000000231e+00,2.653132200706691929e-04,2.399999999999999790e-03,2.690961315751730965e+01
3.140000000000000124e+00,2.653132200706688677e-04,2.399999999999999790e-03,2.690961315751731320e+01
3.145000000000000018e+00,2.653132200706684882e-04,2.399999999999999790e-03,2.690961315751731320e+01
3.149999999999999911e+00,2.653132200706681087e-04,2.399999999999999790e-03,2.690961315751731320e+01
3.155000000000000249e+00,2.653132200706677835e-04,2.399999999999999790e-03,2.690961315751731320e+01
3.160000000000000142e+00,2.653132200706673498e-04,2.399999999999999790e-03,2.690961315751731320e+01
3.165000000000000036e+00,2.653132200706671330e-04,2.399999999999999790e-03,2.690961315751731320e+01
3.169999999999999929e+00,2.653132200706667535e-04,2.399999999999999790e-03,2.690961315751731320e+01
3.175000000000000266e+00,2.653132200706664824e-04,2.399999999999999790e-03,2.690961315751731320e+01
3.180000000000000160e+00,2.653132200706661030e-04,2.399999999999999790e-03,2.690961315751731675e+01
3.185000000000000053e+00,2.653132200706657777e-04,2.399999999999999790e-03,2.690961315751731675e+01
3.189999999999999947e+00,2.653132200706654524e-04,2.399999999999999790e-03,2.690961315751731675e+01
3.195000000000000284e+00,2.653132200706651272e-04,2.399999999999999790e-03,2.690961315751731675e+01
3.200000000000000178e+00,2.653132200706647477e-04,2.399999999999999790e-03,2.690961315751731675e+01
3.200000000000000178e+00,2.653132200706647477e-04,2.399999999999999790e-03,2.690961315751731675e+01
3.205000000000000071e+00,2.653132200706654524e-04,2.399999999999999790e-03,2.690961315751731675e+01
3.209999999999999964e+00,2.653132200706659403e-04,2.399999999999999790e-03,2.690961315751731675e+01
3.215000000000000302e+00,2.653132200706663740e-04,2.399999999999999790e-03,2.690961315751731675e+01
3.220000000000000195e+00,2.653132200706665909e-04,2.399999999999999790e-03,2.690961315751732030e+01
3.225000000000000089e+00,2.653132200706667535e-04,2.399999999999999790e-03,2.690961315751732030e+01
3.229999999999999982e+00,2.653132200706667535e-04,2.399999999999999790e-03,2.690961315751732030e+01
3.235000000000000320e+00,2.653132200706667535e-04,2.399999999999999790e-03,2.690961315751732030e+01
3.240000000000000213e+00,2.653132200706667535e-04,2.399999999999999790e-03,2.690961315751732030e+01
3.245000000000000107e+00,2.653132200706668077e-04,2.399999999999999790e-03,2.690961315751732030e+01
3.250000000000000000e+00,2.653132200706668077e-04,2.399999999999999790e-03,2.690961315751732030e+01
3.255000000000000338e+00,2.653132200706668077e-04,2.399999999999999790e-03,2.690961315751732030e+01
3.260000000000000231e+00,2.653132200706667535e-04,2.399999999999999790e-03,2.690961315751732030e+01
3.265000000000000124e+00,2.653132200706667535e-04,2.399999999999999790e-03,2.690961315751731675e+01
3.270000000000000018e+00,2.653132200706667535e-04,2.399999999999999790e-03,2.690961315751731675e+01
3.275000000000000355e+00,2.653132200706667535e-04,2.399999999999999790e-03,2.690961315751731675e+01
3.280000000000000249e+00,2.653132200706668077e-04,2.399999999999999790e-03,2.690961315751731675e+01
3.285000000000000142e+00,2.653132200706667535e-04,2.399999999999999790e-03,2.690961315751731675e+01
3.290000000000000036e+00,2.653132200706667535e-04,2.399999999999999790e-03,2.690961315751731675e+01
3.295000000000000373e+00,2.653132200706668077e-04,2.399999999999999790e-03,2.690961315751731675e+01
3.300000000000000266e+00,2.653132200706668077e-04,2.399999999999999790e-03,2.690961315751731675e+01
3.300000000000000266e+00,2.653132200706668077e-04,2.399999999999999790e-03,2.690961315751731675e+01
3.305000000000000160e+00,2.653132200706668077e-04,2.399999999999999790e-03,2.690961315751731675e+01
3.310000000000000053e+00,2.653132200706668077e-04,2.399999999999999790e-03,2.690961315751731675e+01
3.315000000000000391e+00,2.653132200706667535e-04,2.399999999999999790e-03,2.690961315751732030e+01
3.320000000000000284e+00,2.653132200706667535e-04,2.399999999999999790e-03,2.690961315751732030e+01
3.325000000000000178e+00,2.653132200706667535e-04,2.399999999999999790e-03,2.690961315751732030e+01
3.330000000000000071e+00,2.653132200706667535e-04,2.399999999999999790e-03,2.690961315751732030e+01
3.335000000000000409e+00,2.653132200706667535e-04,2.399999999999999790e-03,2.690961315751732030e+01
3.340000000000000302e+00,2.653132200706667535e-04,2.399999999999999790e-03,2.690961315751732030e+01
3.345000000000000195e+00,2.653132200706667535e-04,2.399999999999999790e-03,2.690961315751732030e+01
3.350000000000000089e+00,2.653132200706667535e-04,2.399999999999999790e-03,2.690961315751732030e+01
3.355000000000000426e+00,2.653132200706667535e-04,2.399999999999999790e-03,2.690961315751732030e+01
3.360000000000000320e+00,2.653132200706667535e-04,2.399999999999999790e-03,2.690961315751732030e+01
3.365000000000000213e+00,2.653132200706667535e-04,2.399999999999999790e-03,2.690961315751732030e+01
3.370000000000000107e+00,2.653132200706667535e-04,2.399999999999999790e-03,2.690961315751732030e+01
3.375000000000000444e+00,2.653132200706667535e-04,2.399999999999999790e-03,2.690961315751732030e+01
3.380000000000000338e+00,2.653132200706667535e-04,2.399999999999999790e-03,2.690961315751732030e+01
3.385000000000000231e+00,2.653132200706667535e-04,2.399999999999999790e-03,2.690961315751732030e+01
3.390000000000000124e+00,2.653132200706667535e-04,2.399999999999999790e-03,2.690961315751732030e+01
3.395000000000000462e+00,2.653132200706667535e-04,2.399999999999999790e-03,2.690961315751732030e+01
3.400000000000000355e+00,2.653132200706667535e-04,2.399999999999999790e-03,2.690961315751732030e+01
3.400000000000000355e+00,2.653132200706666993e-04,2.399999999999999790e-03,2.690961315751731675e+01
3.405000000000000249e+00,2.653132200706667535e-04,2.399999999999999790e-03,2.690961315751731675e+01
3.410000000000000142e+00,2.653132200706667535e-04,2.399999999999999790e-03,2.690961315751731675e+01
3.415000000000000480e+00,2.653132200706667535e-04,2.399999999999999790e-03,2.690961315751731675e+01
3.420000000000000373e+00,2.653132200706666451e-04,2.399999999999999790e-03,2.690961315751731675e+01
3.425000000000000266e+00,2.653132200706666451e-04,2.399999999999999790e-03,2.690961315751731675e+01
3.430000000000000160e+00,2.653132200706666993e-04,2.399999999999999790e-03,2.690961315751731675e+01
3.435000000000000497e+00,2.653132200706666993e-04,2.399999999999999790e-03,2.690961315751731675e+01
3.440000000000000391e+00,2.653132200706667535e-04,2.399999999999999790e-03,2.690961315751731675e+01
3.445000000000000284e+00,2.653132200706667535e-04,2.399999999999999790e-03,2.690961315751731675e+01
3.450000000000000178e+00,2.653132200706667535e-04,2.399999999999999790e-03,2.690961315751731675e+01
3.455000000000000515e+00,2.653132200706667535e-04,2.399999999999999790e-03,2.690961315751731675e+01
3.460000000000000409e+00,2.653132200706667535e-04,2.399999999999999790e-03,2.690961315751731675e+01
3.465000000000000302e+00,2.653132200706667535e-04,2.399999999999999790e-03,2.690961315751731675e+01
3.470000000000000195e+00,2.653132200706667535e-04,2.399999999999999790e-03,2.690961315751731675e+01
3.475000000000000533e+00,2.653132200706667535e-04,2.399999999999999790e-03,2.690961315751731675e+01
3.480000000000000426e+00,2.653132200706667535e-04,2.399999999999999790e-03,2.690961315751731675e+01
3.485000000000000320e+00,2.653132200706667535e-04,2.399999999999999790e-03,2.690961315751731675e+01
3.490000000000000213e+00,2.653132200706667535e-04,2.399999999999999790e-03,2.690961315751731675e+01
3.495000000000000551e+00,2.653132200706667535e-04,2.399999999999999790e-03,2.690961315751731675e+01
3.500000000000000444e+00,2.653132200706667535e-04,2.399999999999999790e-03,2.690961315751731675e+01
3.500000000000000000e+00,2.653132200706666993e-04,2.399999999999999790e-03,2.690961315751731675e+01
3.504999999999999893e+00,2.653132200706666993e-04,2.399999999999999790e-03,2.690961315751731675e+01
3.509999999999999787e+00,2.653132200706666993e-04,2.399999999999999790e-03,2.690961315751732030e+01
3.515000000000000124e+00,2.653132200706666451e-04,2.399999999999999790e-03,2.690961315751732030e+01
3.520000000000000018e+00,2.653132200706666451e-04,2.399999999999999790e-03,2.690961315751732030e+01
3.524999999999999911e+00,2.653132200706666451e-04,2.399999999999999790e-03,2.690961315751732030e+01
3.529999999999999805e+00,2.653132200706666993e-04,2.399999999999999790e-03,2.690961315751732030e+01
3.535000000000000142e+00,2.653132200706666993e-04,2.399999999999999790e-03,2.690961315751732030e+01
3.540000000000000036e+00,2.653132200706667535e-04,2.399999999999999790e-03,2.690961315751732030e+01
3.544999999999999929e+00,2.653132200706667535e-04,2.399999999999999790e-03,2.690961315751732030e+01
3.549999999999999822e+00,2.653132200706667535e-04,2.399999999999999790e-03,2.690961315751732030e+01
3.555000000000000160e+00,2.653132200706667535e-04,2.399999999999999790e-03,2.690961315751732030e+01
3.560000000000000053e+00,2.653132200706667535e-04,2.399999999999999790e-03,2.690961315751732030e+01
3.564999999999999947e+00,2.653132200706667535e-04,2.399999999999999790e-03,2.690961315751732030e+01
3.569999999999999840e+00,2.653132200706666451e-04,2.399999999999999790e-03,2.690961315751732030e+01
3.575000000000000178e+00,2.653132200706667535e-04,2.399999999999999790e-03,2.690961315751732030e+01
3.580000000000000071e+00,2.653132200706667535e-04,2.399999999999999790e-03,2.690961315751732030e+01
3.584999999999999964e+00,2.653132200706667535e-04,2.399999999999999790e-03,2.690961315751732030e+01
3.589999999999999858e+00,2.653132200706667535e-04,2.399999999999999790e-03,2.690961315751732030e+01
3.595000000000000195e+00,2.653132200706667535e-04,2.399999999999999790e-03,2.690961315751732030e+01
3.600000000000000089e+00,2.653132200706667535e-04,2.399999999999999790e-03,2.690961315751732030e+01
3.600000000000000089e+00,2.653132200706666451e-04,2.399999999999999790e-03,2.690961315751731675e+01
3.604999999999999982e+00,2.653132200706666451e-04,2.399999999999999790e-03,2.690961315751731675e+01
3.609999999999999876e+00,2.653132200706666451e-04,2.399999999999999790e-03,2.690961315751731675e+01
3.615000000000000213e+00,2.653132200706666451e-04,2.399999999999999790e-03,2.690961315751731320e+01
3.620000000000000107e+00,2.653132200706666451e-04,2.399999999999999790e-03,2.690961315751731320e+01
3.625000000000000000e+00,2.653132200706666451e-04,2.399999999999999790e-03,2.690961315751731320e+01
3.629999999999999893e+00,2.653132200706666451e-04,2.399999999999999790e-03,2.690961315751731320e+01
3.635000000000000231e+00,2.653132200706666993e-04,2.399999999999999790e-03,2.690961315751731320e+01
3.640000000000000124e+00,2.653132200706667535e-04,2.399999999999999790e-03,2.690961315751731320e+01
3.645000000000000018e+00,2.653132200706667535e-04,2.399999999999999790e-03,2.690961315751731320e+01
3.649999999999999911e+00,2.653132200706667535e-04,2.399999999999999790e-03,2.690961315751731320e+01
3.655000000000000249e+00,2.653132200706667535e-04,2.399999999999999790e-03,2.690961315751731320e+01
3.660000000000000142e+00,2.653132200706667535e-04,2.399999999999999790e-03,2.690961315751731320e+01
3.665000000000000036e+00,2.653132200706667535e-04,2.399999999999999790e-03,2.690961315751731320e+01
3.669999999999999929e+00,2.653132200706667535e-04,2.399999999999999790e-03,2.690961315751731675e+01
3.675000000000000266e+00,2.653132200706667535e-04,2.399999999999999790e-03,2.690961315751731675e+01
3.680000000000000160e+00,2.653132200706667535e-04,2.399999999999999790e-03,2.690961315751731675e+01
3.685000000000000053e+00,2.653132200706667535e-04,2.399999999999999790e-03,2.690961315751731675e+01
3.689999999999999947e+00,2.653132200706667535e-04,2.399999999999999790e-03,2.690961315751731675e+01
3.695000000000000284e+00,2.653132200706667535e-04,2.399999999999999790e-03,2.690961315751731675e+01
3.700000000000000178e+00,2.653132200706667535e-04,2.399999999999999790e-03,2.690961315751731675e+01
3.700000000000000178e+00,2.653132200706666993e-04,2.399999999999999790e-03,2.690961315751731675e+01
3.705000000000000071e+00,2.653132200706667535e-04,2.399999999999999790e-03,2.690961315751731675e+01
3.709999999999999964e+00,2.653132200706666993e-04,2.399999999999999790e-03,2.690961315751731675e+01
3.715000000000000302e+00,2.653132200706666993e-04,2.399999999999999790e-03,2.690961315751731675e+01
3.720000000000000195e+00,2.653132200706666993e-04,2.399999999999999790e-03,2.690961315751731675e+01
3.725000000000000089e+00,2.653132200706666993e-04,2.399999999999999790e-03,2.690961315751731675e+01
3.729999999999999982e+00,2.653132200706666993e-04,2.399999999999999790e-03,2.690961315751731675e+01
3.735000000000000320e+00,2.653132200706666993e-04,2.399999999999999790e-03,2.690961315751731675e+01
3.740000000000000213e+00,2.653132200706667535e-04,2.399999999999999790e-03,2.690961315751731675e+01
3.745000000000000107e+00,2.653132200706667535e-04,2.399999999999999790e-03,2.690961315751731675e+01
3.750000000000000000e+00,2.653132200706666993e-04,2.399999999999999790e-03,2.690961315751731675e+01
3.755000000000000338e+00,2.653132200706666993e-04,2.399999999999999790e-03,2.690961315751731675e+01
3.760000000000000231e+00,2.653132200706666993e-04,2.399999999999999790e-03,2.690961315751731675e+01
3.765000000000000124e+00,2.653132200706666993e-04,2.399999999999999790e-03,2.690961315751731675e+01
3.770000000000000018e+00,2.653132200706666993e-04,2.399999999999999790e-03,2.690961315751731675e+01
3.775000000000000355e+00,2.653132200706666993e-04,2.399999999999999790e-03,2.690961315751731675e+01
3.780000000000000249e+00,2.653132200706666993e-04,2.399999999999999790e-03,2.690961315751731675e+01
3.785000000000000142e+00,2.653132200706666993e-04,2.399999999999999790e-03,2.690961315751731675e+01
3.790000000000000036e+00,2.653132200706666993e-04,2.399999999999999790e-03,2.690961315751731675e+01
3.795000000000000373e+00,2.653132200706666993e-04,2.399999999999999790e-03,2.690961315751731675e+01
3.800000000000000266e+00,2.653132200706666993e-04,2.399999999999999790e-03,2.690961315751731675e+01
3.800000000000000266e+00,2.653132200706666993e-04,2.399999999999999790e-03,2.690961315751731675e+01
3.805000000000000160e+00,2.653132200706666993e-04,2.399999999999999790e-03,2.690961315751731675e+01
3.810000000000000053e+00,2.653132200706666451e-04,2.399999999999999790e-03,2.690961315751731675e+01
3.815000000000000391e+00,2.653132200706666451e-04,2.399999999999999790e-03,2.690961315751731675e+01
3.820000000000000284e+00,2.653132200706666451e-04,2.399999999999999790e-03,2.690961315751731320e+01
3.825000000000000178e+00,2.653132200706666451e-04,2.399999999999999790e-03,2.690961315751731320e+01
3.830000000000000071e+00,2.653132200706666451e-04,2.399999999999999790e-03,2.690961315751731320e+01
3.835000000000000409e+00,2.653132200706666993e-04,2.399999999999999790e-03,2.690961315751731320e+01
3.840000000000000302e+00,2.653132200706667535e-04,2.399999999999999790e-03,2.690961315751731675e+01
3.845000000000000195e+00,2.653132200706666993e-04,2.399999999999999790e-03,2.690961315751731675e+01
3.850000000000000089e+00,2.653132200706666993e-04,2.399999999999999790e-03,2.690961315751731675e+01
3.855000000000000426e+00,2.653132200706666993e-04,2.399999999999999790e-03,2.690961315751731675e+01
3.860000000000000320e+00,2.653132200706666451e-04,2.399999999999999790e-03,2.690961315751731675e+01
3.865000000000000213e+00,2.653132200706666451e-04,2.399999999999999790e-03,2.690961315751731675e+01
3.870000000000000107e+00,2.653132200706666451e-04,2.399999999999999790e-03,2.690961315751731675e+01
3.875000000000000444e+00,2.653132200706666451e-04,2.399999999999999790e-03,2.690961315751731675e+01
3.880000000000000338e+00,2.653132200706666451e-04,2.399999999999999790e-03,2.690961315751731675e+01
3.885000000000000231e+00,2.653132200706666451e-04,2.399999999999999790e-03,2.690961315751731675e+01
3.890000000000000124e+00,2.653132200706666451e-04,2.399999999999999790e-03,2.690961315751731675e+01
3.895000000000000462e+00,2.653132200706666451e-04,2.399999999999999790e-03,2.690961315751731675e+01
3.900000000000000355e+00,2.653132200706666451e-04,2.399999999999999790e-03,2.690961315751731675e+01
3.900000000000000355e+00,2.653132200706666993e-04,2.399999999999999790e-03,2.690961315751731675e+01
3.905000000000000249e+00,2.653132200706666993e-04,2.399999999999999790e-03,2.690961315751731675e+01
3.910000000000000142e+00,2.653132200706666451e-04,2.399999999999999790e-03,2.690961315751731675e+01
3.915000000000000480e+00,2.653132200706666451e-04,2.399999999999999790e-03,2.690961315751731675e+01
3.920000000000000373e+00,2.653132200706666451e-04,2.399999999999999790e-03,2.690961315751731320e+01
3.925000000000000266e+00,2.653132200706666451e-04,2.399999999999999790e-03,2.690961315751731320e+01
3.930000000000000160e+00,2.653132200706666451e-04,2.399999999999999790e-03,2.690961315751731320e+01
3.935000000000000497e+00,2.653132200706666451e-04,2.399999999999999790e-03,2.690961315751731320e+01
3.940000000000000391e+00,2.653132200706666451e-04,2.399999999999999790e-03,2.690961315751731320e+01
3.945000000000000284e+00,2.653132200706666451e-04,2.399999999999999790e-03,2.690961315751731320e+01
3.950000000000000178e+00,2.653132200706666451e-04,2.399999999999999790e-03,2.690961315751731320e+01
3.955000000000000515e+00,2.653132200706667535e-04,2.399999999999999790e-03,2.690961315751731675e+01
3.960000000000000409e+00,2.653132200706667535e-04,2.399999999999999790e-03,2.690961315751731675e+01
3.965000000000000302e+00,2.653132200706666451e-04,2.399999999999999790e-03,2.690961315751731675e+01
3.970000000000000195e+00,2.653132200706666451e-04,2.399999999999999790e-03,2.690961315751731675e+01
3.975000000000000533e+00,2.653132200706666451e-04,2.399999999999999790e-03,2.690961315751731675e+01
3.980000000000000426e+00,2.653132200706666451e-04,2.399999999999999790e-03,2.690961315751731675e+01
3.985000000000000320e+00,2.653132200706666451e-04,2.399999999999999790e-03,2.690961315751731675e+01
3.990000000000000213e+00,2.653132200706666451e-04,2.399999999999999790e-03,2.690961315751731675e+01
3.995000000000000551e+00,2.653132200706666451e-04,2.399999999999999790e-03,2.690961315751731675e+01
4.000000000000000000e+00,2.653132200706666451e-04,2.399999999999999790e-03,2.690961315751731675e+01
