display_min,interval_start_min,physical_end_min,last_rhs_H2_mol_min,endpoint_H2_mol_min,ethanol_mol_min,water_mol_min,setpoint_H2_mol_min,reformer_outlet_H2_mol_m3,outlet_T_K
0.000000000000000000e+00,0.000000000000000000e+00,1.000000000000000056e-01,0.000000000000000000e+00,0.000000000000000000e+00,0.000000000000000000e+00,1.080000000000000057e-02,2.763789999999999910e-04,2.137247457422170359e-32,8.231499999999999773e+02
1.000000000000000056e-01,1.000000000000000056e-01,2.000000000000000111e-01,0.000000000000000000e+00,0.000000000000000000e+00,1.799999999999999951e-03,1.080000000000000057e-02,2.763789999999999910e-04,7.659381613748541216e-10,8.231499999999999773e+02
2.000000000000000111e-01,2.000000000000000111e-01,3.000000000000000444e-01,0.000000000000000000e+00,0.000000000000000000e+00,2.177924624457599698e-03,1.080000000000000057e-02,2.763789999999999910e-04,1.453163489909202466e-01,8.231499999999999773e+02
3.000000000000000444e-01,3.000000000000000444e-01,4.000000000000000222e-01,1.162284629234127648e-06,1.162308560511142668e-06,2.399999999999999790e-03,1.080000000000000057e-02,2.763789999999999910e-04,1.637791379137505743e+01,8.231500000000000909e+02
4.000000000000000222e-01,4.000000000000000222e-01,5.000000000000000000e-01,1.779724929859533120e-04,1.779725002950956442e-04,2.399999999999999790e-03,1.080000000000000057e-02,2.763789999999999910e-04,2.718320691815599943e+01,8.231499994587518358e+02
5.000000000000000000e-01,5.000000000000000000e-01,5.999999999999999778e-01,3.459017640772438251e-04,3.459022116715475140e-04,2.399999999999999790e-03,1.080000000000000057e-02,2.763789999999999910e-04,2.939598213150711459e+01,8.225554645812799208e+02
6.000000000000000888e-01,6.000000000000000888e-01,7.000000000000000666e-01,3.828724947462141333e-04,3.828724337916298713e-04,2.301723029103657295e-03,1.080000000000000057e-02,2.763789999999999910e-04,2.987265536995764137e+01,8.223759949299171694e+02
7.000000000000000666e-01,7.000000000000000666e-01,8.000000000000000444e-01,3.885701649539304264e-04,3.885701646670699930e-04,2.155978155997999475e-03,1.080000000000000057e-02,2.763789999999999910e-04,2.987902071233923351e+01,8.223265239641459630e+02
8.000000000000000444e-01,8.000000000000000444e-01,9.000000000000000222e-01,3.856072479414024315e-04,3.856072505862496633e-04,2.003122761282014833e-03,1.080000000000000057e-02,2.763789999999999910e-04,2.947655471787849280e+01,8.223256072569927255e+02
9.000000000000000222e-01,9.000000000000000222e-01,1.000000000000000000e+00,3.730315502126164756e-04,3.730315577839850836e-04,1.854454398699526257e-03,1.080000000000000057e-02,2.763789999999999910e-04,2.864145442282318044e+01,8.223346641182998837e+02
1.000000000000000000e+00,1.000000000000000000e+00,1.100000000000000089e+00,3.521812459894599974e-04,3.521812479673232916e-04,1.799999999999999951e-03,1.080000000000000057e-02,2.763789999999999910e-04,2.756466915449068011e+01,8.223671663811750250e+02
1.100000000000000089e+00,1.100000000000000089e+00,1.200000000000000178e+00,3.264672923085915469e-04,3.264674005802005647e-04,1.799999999999999951e-03,1.080000000000000057e-02,2.763789999999999910e-04,2.637234518311867504e+01,8.224160180184833280e+02
1.200000000000000178e+00,1.200000000000000178e+00,1.300000000000000266e+00,2.995993447356897583e-04,2.995991408476019217e-04,1.799999999999999951e-03,1.080000000000000057e-02,2.763789999999999910e-04,2.542558207840485807e+01,8.224736450441520219e+02
1.300000000000000044e+00,1.300000000000000044e+00,1.400000000000000133e+00,2.819936043559237264e-04,2.819935288438920403e-04,1.799999999999999951e-03,1.080000000000000057e-02,2.763789999999999910e-04,2.510491511961232192e+01,8.225321168214151157e+02
1.400000000000000133e+00,1.400000000000000133e+00,1.500000000000000222e+00,2.767607109325278267e-04,2.767607132064310604e-04,1.799999999999999951e-03,1.080000000000000057e-02,2.763789999999999910e-04,2.509469678153906358e+01,8.225623102662586916e+02
1.500000000000000000e+00,1.500000000000000000e+00,1.600000000000000089e+00,2.763770273574342028e-04,2.763770275389714425e-04,1.799999999999999951e-03,1.080000000000000057e-02,2.763789999999999910e-04,2.509482362865551153e+01,8.225682836789746943e+02
1.600000000000000089e+00,1.600000000000000089e+00,1.700000000000000178e+00,2.763800526941368753e-04,2.763800526971601731e-04,1.800347921264712622e-03,1.080000000000000057e-02,2.763789999999999910e-04,2.509483032143378267e+01,8.225681508163937679e+02
1.700000000000000178e+00,1.700000000000000178e+00,1.800000000000000266e+00,2.763837497067911679e-04,2.763837497069814996e-04,1.800682536423224697e-03,1.080000000000000057e-02,2.763789999999999910e-04,2.509511110131688838e+01,8.225681490474795510e+02
1.800000000000000044e+00,1.800000000000000044e+00,1.900000000000000133e+00,2.764003368164222969e-04,2.764003368163749173e-04,1.801012081907712439e-03,1.080000000000000057e-02,2.763789999999999910e-04,2.509640935022524033e+01,8.225681349120126242e+02
1.900000000000000133e+00,1.900000000000000133e+00,2.000000000000000000e+00,2.764416238563787115e-04,2.764416236681725442e-04,1.801318647390319624e-03,1.080000000000000057e-02,2.763789999999999910e-04,2.509886353200104381e+01,8.225680874636460658e+02
2.000000000000000000e+00,2.000000000000000000e+00,2.100000000000000089e+00,2.765031116333569014e-04,2.765031115722466591e-04,1.801568182642260393e-03,1.080000000000000057e-02,2.763789999999999910e-04,2.510175770146942398e+01,8.225679879159600887e+02
2.100000000000000089e+00,2.100000000000000089e+00,2.200000000000000178e+00,2.765716730899937131e-04,2.765716730883912081e-04,1.801733158796478378e-03,1.080000000000000057e-02,2.763789999999999910e-04,2.510458258248010566e+01,8.225678504283825987e+02
2.200000000000000178e+00,2.200000000000000178e+00,2.300000000000000266e+00,2.766365128449607518e-04,2.766365129295712930e-04,1.801804181518699543e-03,1.080000000000000057e-02,2.763789999999999910e-04,2.510704690279882456e+01,8.225677045990593115e+02
2.300000000000000266e+00,2.300000000000000266e+00,2.400000000000000355e+00,2.766926737890277590e-04,2.766926738144628167e-04,1.801786552079996835e-03,1.080000000000000057e-02,2.763789999999999910e-04,2.510901763600542225e+01,8.225675683091648125e+02
2.400000000000000355e+00,2.400000000000000355e+00,2.500000000000000444e+00,2.767331019129320134e-04,2.767331017593043061e-04,1.801692210947331138e-03,1.080000000000000057e-02,2.763789999999999910e-04,2.511022248693237913e+01,8.225674578259503278e+02
2.500000000000000000e+00,2.500000000000000000e+00,2.600000000000000089e+00,2.767574808511550429e-04,2.767574808474259837e-04,1.801542795063934121e-03,1.080000000000000057e-02,2.763789999999999910e-04,2.511072360302009443e+01,8.225673776863263811e+02
2.600000000000000089e+00,2.600000000000000089e+00,2.700000000000000178e+00,2.767643746861016252e-04,2.767643746733645807e-04,1.801360223528186959e-03,1.080000000000000057e-02,2.763789999999999910e-04,2.511051292613072761e+01,8.225673339902600674e+02
2.700000000000000178e+00,2.700000000000000178e+00,2.800000000000000266e+00,2.767544530323798259e-04,2.767544530151052327e-04,1.801168414360419584e-03,1.080000000000000057e-02,2.763789999999999910e-04,2.510965817149964607e+01,8.225673280913132430e+02
2.800000000000000266e+00,2.800000000000000266e+00,2.900000000000000355e+00,2.767302505779758374e-04,2.767302505668454721e-04,1.800990331023257559e-03,1.080000000000000057e-02,2.763789999999999910e-04,2.510831892642498175e+01,8.225673572899672763e+02
2.900000000000000355e+00,2.900000000000000355e+00,3.000000000000000444e+00,2.766962899130175242e-04,2.766962899104423272e-04,1.800845438522692471e-03,1.080000000000000057e-02,2.763789999999999910e-04,2.510673164117835299e+01,8.225674150582002540e+02
3.000000000000000000e+00,3.000000000000000000e+00,3.100000000000000089e+00,2.766582948183709352e-04,2.766582947540685306e-04,1.800746981876714904e-03,1.080000000000000057e-02,2.763789999999999910e-04,2.510513610039152610e+01,8.225674907196813592e+02
3.100000000000000089e+00,3.100000000000000089e+00,3.200000000000000178e+00,2.766212646873980911e-04,2.766212647047910250e-04,1.800700360232858864e-03,1.080000000000000057e-02,2.763789999999999910e-04,2.510370060347013776e+01,8.225675719183734600e+02
3.200000000000000178e+00,3.200000000000000178e+00,3.300000000000000266e+00,2.765884665951218353e-04,2.765884665951546324e-04,1.800704159163087634e-03,1.080000000000000057e-02,2.763789999999999910e-04,2.510252937887228342e+01,8.225676500682143342e+02
3.300000000000000266e+00,3.300000000000000266e+00,3.400000000000000355e+00,2.765638384782586278e-04,2.765638384609890761e-04,1.800752539280199788e-03,1.080000000000000057e-02,2.763789999999999910e-04,2.510176443987977990e+01,8.225677156074048071e+02
3.400000000000000355e+00,3.400000000000000355e+00,3.500000000000000444e+00,2.765490215431243379e-04,2.765490214312034487e-04,1.800834260315042163e-03,1.080000000000000057e-02,2.763789999999999910e-04,2.510143963269938183e+01,8.225677629518331742e+02
3.500000000000000000e+00,3.500000000000000000e+00,3.600000000000000089e+00,2.765443730253348917e-04,2.765443728434196450e-04,1.800935888300617344e-03,1.080000000000000057e-02,2.763789999999999910e-04,2.510152949269722455e+01,8.225677892889575560e+02
3.600000000000000089e+00,3.600000000000000089e+00,3.700000000000000178e+00,2.765489018115440561e-04,2.765489018115155416e-04,1.801043525494546533e-03,1.080000000000000057e-02,2.763789999999999910e-04,2.510195962483478027e+01,8.225677946937851175e+02
3.700000000000000178e+00,3.700000000000000178e+00,3.800000000000000266e+00,2.765611331878548257e-04,2.765611330462584556e-04,1.801144654622197777e-03,1.080000000000000057e-02,2.763789999999999910e-04,2.510265028155694722e+01,8.225677807937788657e+02
3.800000000000000266e+00,3.800000000000000266e+00,3.900000000000000355e+00,2.765787318386472805e-04,2.765787317655186029e-04,1.801228779956452492e-03,1.080000000000000057e-02,2.763789999999999910e-04,2.510349575103844799e+01,8.225677518349004913e+02
3.900000000000000355e+00,3.900000000000000355e+00,4.000000000000000000e+00,2.765992469560342210e-04,2.765992469421229855e-04,1.801288613431780480e-03,1.080000000000000057e-02,2.763789999999999910e-04,2.510438868875165142e+01,8.225677126153885865e+02
4.000000000000000000e+00,4.000000000000000000e+00,4.099999999999999645e+00,2.766202544207507883e-04,2.766202544224400295e-04,1.801320216244840745e-03,1.080000000000000057e-02,2.763789999999999910e-04,2.510523179076480815e+01,8.225676682538754676e+02
4.100000000000000533e+00,4.100000000000000533e+00,4.200000000000000178e+00,2.766395401616570130e-04,2.766395401628648685e-04,1.801322960492057800e-03,1.080000000000000057e-02,2.763789999999999910e-04,2.510594187030524438e+01,8.225676237455248838e+02
4.200000000000000178e+00,4.200000000000000178e+00,4.299999999999999822e+00,2.766548910845564955e-04,2.766548910843306020e-04,1.801299239197199070e-03,1.080000000000000057e-02,2.763789999999999910e-04,2.510643716456708674e+01,8.225675842918145690e+02
4.299999999999999822e+00,4.299999999999999822e+00,4.399999999999999467e+00,2.766646048418894429e-04,2.766646048285693145e-04,1.801254471279373128e-03,1.080000000000000057e-02,2.763789999999999910e-04,2.510666875435587286e+01,8.225675545097317354e+02
4.400000000000000355e+00,4.400000000000000355e+00,4.500000000000000000e+00,2.766682376061100138e-04,2.766682375633786246e-04,1.801196392713539773e-03,1.080000000000000057e-02,2.763789999999999910e-04,2.510664941244639436e+01,8.225675369426235193e+02
4.500000000000000000e+00,4.500000000000000000e+00,4.599999999999999645e+00,2.766662427723216790e-04,2.766662427214441368e-04,1.801133319673709279e-03,1.080000000000000057e-02,2.763789999999999910e-04,2.510642059084477751e+01,8.225675321250483876e+02
4.600000000000000533e+00,4.600000000000000533e+00,4.700000000000000178e+00,2.766596230830278900e-04,2.766596230526928348e-04,1.801072931041579252e-03,1.080000000000000057e-02,2.763789999999999910e-04,2.510603397345865773e+01,8.225675388363639513e+02
4.700000000000000178e+00,4.700000000000000178e+00,4.799999999999999822e+00,2.766496408513705735e-04,2.766496408324732007e-04,1.801021525530417883e-03,1.080000000000000057e-02,2.763789999999999910e-04,2.510554657969565895e+01,8.225675548030255868e+02
4.800000000000000711e+00,4.800000000000000711e+00,4.900000000000000355e+00,2.766376932228393083e-04,2.766376932098753945e-04,1.800983673166323606e-03,1.080000000000000057e-02,2.763789999999999910e-04,2.510501967584178828e+01,8.225675772695411752e+02
4.900000000000000355e+00,4.900000000000000355e+00,5.000000000000000000e+00,2.766252012935338316e-04,2.766252012937755545e-04,1.800962033190560896e-03,1.080000000000000057e-02,2.763789999999999910e-04,2.510451212044113944e+01,8.225676032906563933e+02
5.000000000000000000e+00,5.000000000000000000e+00,5.099999999999999645e+00,2.766134951732612162e-04,2.766134951732954770e-04,1.800957323105323912e-03,1.080000000000000057e-02,2.763789999999999910e-04,2.510407527757311286e+01,8.225676299397722460e+02
5.100000000000000533e+00,5.100000000000000533e+00,5.200000000000000178e+00,1.574496299578590332e-04,1.574496267648807079e-04,1.800968444897726095e-03,1.080000000000000057e-02,2.763789999999999910e-04,2.510340545619203922e+01,8.227006729373088092e+02
5.200000000000000178e+00,5.200000000000000178e+00,5.299999999999999822e+00,1.536124629099563986e-04,1.536124749860813836e-04,1.966679593534438001e-03,1.080000000000000057e-02,2.763789999999999910e-04,2.451650223458842959e+01,8.228228354414919750e+02
5.300000000000000711e+00,5.300000000000000711e+00,5.400000000000000355e+00,1.683806412299487614e-04,1.683806412294860781e-04,2.134972218511155088e-03,1.080000000000000057e-02,2.763789999999999910e-04,2.132433501317776603e+01,8.228182036743100980e+02
5.400000000000000355e+00,5.400000000000000355e+00,5.500000000000000000e+00,1.988253498935266088e-04,1.988253498634392667e-04,2.282712839335098928e-03,1.080000000000000057e-02,2.763789999999999910e-04,2.240938853774586903e+01,8.227678027490168233e+02
5.500000000000000000e+00,5.500000000000000000e+00,5.599999999999999645e+00,2.307779993002471953e-04,2.307780008752939290e-04,2.388535162055120415e-03,1.080000000000000057e-02,2.763789999999999910e-04,2.355477428661541595e+01,8.226953534284576790e+02
5.600000000000000533e+00,5.600000000000000533e+00,5.700000000000000178e+00,2.564364142079661262e-04,2.564364143284572541e-04,2.399999999999999790e-03,1.080000000000000057e-02,2.763789999999999910e-04,2.443503298876122187e+01,8.226314452751557837e+02
5.700000000000000178e+00,5.700000000000000178e+00,5.799999999999999822e+00,2.735907489438591206e-04,2.735903326090466294e-04,2.399999999999999790e-03,1.080000000000000057e-02,2.763789999999999910e-04,2.495226797042716171e+01,8.225833327906615295e+02
5.800000000000000711e+00,5.800000000000000711e+00,5.900000000000000355e+00,2.788251361661525868e-04,2.788251278624334921e-04,2.399999999999999790e-03,1.080000000000000057e-02,2.763789999999999910e-04,2.501597597351055313e+01,8.225555379902672257e+02
5.900000000000000355e+00,5.900000000000000355e+00,6.000000000000000000e+00,2.793185169494531044e-04,2.793185173254588631e-04,2.397164577823924364e-03,1.080000000000000057e-02,2.763789999999999910e-04,2.501682419920062017e+01,8.225523813394109993e+02
6.000000000000000000e+00,6.000000000000000000e+00,6.099999999999999645e+00,2.792724395502395817e-04,2.792724395539736824e-04,2.393765764693486873e-03,1.080000000000000057e-02,2.763789999999999910e-04,2.501224975366118741e+01,8.225523344053971186e+02
6.100000000000000533e+00,6.100000000000000533e+00,6.200000000000000178e+00,2.789981761010415463e-04,2.789981761038707719e-04,2.390440940883126371e-03,1.080000000000000057e-02,2.763789999999999910e-04,2.499633470133080237e+01,8.225526213611980211e+02
6.200000000000000178e+00,6.200000000000000178e+00,6.299999999999999822e+00,2.785549797235888536e-04,2.785549806632070828e-04,2.387494637721204824e-03,1.080000000000000057e-02,2.763789999999999910e-04,2.497723232254848114e+01,8.225534457908154309e+02
6.300000000000000711e+00,6.300000000000000711e+00,6.400000000000000355e+00,2.780889580247665710e-04,2.780889580752880070e-04,2.385156515073163196e-03,1.080000000000000057e-02,2.763789999999999910e-04,2.495876719794628684e+01,8.225544631025630906e+02
6.400000000000000355e+00,6.400000000000000355e+00,6.500000000000000000e+00,2.776666206324567032e-04,2.776666214340238492e-04,2.383454574371631114e-03,1.080000000000000057e-02,2.763789999999999910e-04,2.494287715416714946e+01,8.225554461177010808e+02
6.500000000000000000e+00,6.500000000000000000e+00,6.599999999999999645e+00,2.773216119527464755e-04,2.773216119565678544e-04,2.382327813035079421e-03,1.080000000000000057e-02,2.763789999999999910e-04,2.493045022107478204e+01,8.225562910833930346e+02
6.600000000000000533e+00,6.600000000000000533e+00,6.700000000000000178e+00,2.770573876021538645e-04,2.770573886259968216e-04,2.381669996062368323e-03,1.080000000000000057e-02,2.763789999999999910e-04,2.492126634552212039e+01,8.225569641031174797e+02
6.700000000000000178e+00,6.700000000000000178e+00,6.799999999999999822e+00,2.768729131167530551e-04,2.768729140484730883e-04,2.381370834377178735e-03,1.080000000000000057e-02,2.763789999999999910e-04,2.491512482713615029e+01,8.225574541983197605e+02
6.800000000000000711e+00,6.800000000000000711e+00,6.900000000000000355e+00,2.767577230703762315e-04,2.767577245783927622e-04,2.381321510262783894e-03,1.080000000000000057e-02,2.763789999999999910e-04,2.491157401294007201e+01,8.225577798629269637e+02
6.900000000000000355e+00,6.900000000000000355e+00,7.000000000000000000e+00,2.766955422123326290e-04,2.766955422122713715e-04,2.381427685488812611e-03,1.080000000000000057e-02,2.763789999999999910e-04,2.490991308624476730e+01,8.225579750042413707e+02
7.000000000000000000e+00,7.000000000000000000e+00,7.099999999999999645e+00,2.766697381618166683e-04,2.766697381268525577e-04,2.381617362686983680e-03,1.080000000000000057e-02,2.763789999999999910e-04,2.490947598121982054e+01,8.225580752261887483e+02
7.100000000000000533e+00,7.100000000000000533e+00,7.200000000000000178e+00,2.766714165317608323e-04,2.766714164722597629e-04,2.381841254030354037e-03,1.080000000000000057e-02,2.763789999999999910e-04,2.490996148813521671e+01,8.225581018636382851e+02
7.200000000000000178e+00,7.200000000000000178e+00,7.299999999999999822e+00,2.766909809423838624e-04,2.766909809037096119e-04,2.382062022980728326e-03,1.080000000000000057e-02,2.763789999999999910e-04,2.491099639543586974e+01,8.225580783533653175e+02
7.300000000000000711e+00,7.300000000000000711e+00,7.400000000000000355e+00,2.767193104196726374e-04,2.767193104126844665e-04,2.382255449363953823e-03,1.080000000000000057e-02,2.763789999999999910e-04,2.491222969517641417e+01,8.225580252147391320e+02
7.400000000000000355e+00,7.400000000000000355e+00,7.500000000000000000e+00,2.767495376189553925e-04,2.767495376180091550e-04,2.382409757482395647e-03,1.080000000000000057e-02,2.763789999999999910e-04,2.491344183903923692e+01,8.225579604995364207e+02
7.500000000000000000e+00,7.500000000000000000e+00,7.599999999999999645e+00,2.767772964361207367e-04,2.767772964362520335e-04,2.382522499199141858e-03,1.080000000000000057e-02,2.763789999999999910e-04,2.491449639980560349e+01,8.225578967226834948e+02
7.600000000000000533e+00,7.600000000000000533e+00,7.700000000000000178e+00,2.768004547160404349e-04,2.768004547935930368e-04,2.382597133521219008e-03,1.080000000000000057e-02,2.763789999999999910e-04,2.491533883985653830e+01,8.225578407294489125e+02
7.700000000000000178e+00,7.700000000000000178e+00,7.799999999999999822e+00,2.768185656741156946e-04,2.768185657110513727e-04,2.382639982212959168e-03,1.080000000000000057e-02,2.763789999999999910e-04,2.491597403651663711e+01,8.225577950909893161e+02
7.800000000000000711e+00,7.800000000000000711e+00,7.900000000000000355e+00,2.768318583548641347e-04,2.768318583644155764e-04,2.382657940525664559e-03,1.080000000000000057e-02,2.763789999999999910e-04,2.491642169465923828e+01,8.225577602137727808e+02
7.900000000000000355e+00,7.900000000000000355e+00,8.000000000000000000e+00,2.768402651652849514e-04,2.768402651713202170e-04,2.382657577685853411e-03,1.080000000000000057e-02,2.763789999999999910e-04,2.491668126983818965e+01,8.225577365747151362e+02
8.000000000000000000e+00,8.000000000000000000e+00,8.099999999999999645e+00,2.768449216853590506e-04,2.768449216852132797e-04,2.382645565268173924e-03,1.080000000000000057e-02,2.763789999999999910e-04,2.491680105848502436e+01,8.225577217720683620e+02
8.099999999999999645e+00,8.099999999999999645e+00,8.199999999999999289e+00,2.768462784112678612e-04,2.768462784088763823e-04,2.382626997157321225e-03,1.080000000000000057e-02,2.763789999999999910e-04,2.491680584664925746e+01,8.225577152401608600e+02
8.200000000000001066e+00,8.200000000000001066e+00,8.300000000000000711e+00,2.768454444244991650e-04,2.768454444211300067e-04,2.382606370023073166e-03,1.080000000000000057e-02,2.763789999999999910e-04,2.491674127392284532e+01,8.225577147036738097e+02
8.300000000000000711e+00,8.300000000000000711e+00,8.400000000000000355e+00,2.768433640944727029e-04,2.768433640957791123e-04,2.382586651017460332e-03,1.080000000000000057e-02,2.763789999999999910e-04,2.491664121254784803e+01,8.225577179342725458e+02
8.400000000000000355e+00,8.400000000000000355e+00,8.500000000000000000e+00,2.768407051184524357e-04,2.768407051175273401e-04,2.382569521758555811e-03,1.080000000000000057e-02,2.763789999999999910e-04,2.491652788468398683e+01,8.225577231614921629e+02
8.500000000000000000e+00,8.500000000000000000e+00,8.599999999999999645e+00,2.768379357392499666e-04,2.768379357383523014e-04,2.382555758570101875e-03,1.080000000000000057e-02,2.763789999999999910e-04,2.491641746885126452e+01,8.225577291539597127e+02
8.599999999999999645e+00,8.599999999999999645e+00,8.699999999999999289e+00,2.768353783726145594e-04,2.768353783731141598e-04,2.382545502860359057e-03,1.080000000000000057e-02,2.763789999999999910e-04,2.491632035532586187e+01,8.225577350414165494e+02
8.700000000000001066e+00,8.700000000000001066e+00,8.800000000000000711e+00,2.768332244196992789e-04,2.768332244198694987e-04,2.382538458883292493e-03,1.080000000000000057e-02,2.763789999999999910e-04,2.491624191923500931e+01,8.225577402479937064e+02
8.800000000000000711e+00,8.800000000000000711e+00,8.900000000000000355e+00,2.768315622284863754e-04,2.768315622284900075e-04,2.382534072263161988e-03,1.080000000000000057e-02,2.763789999999999910e-04,2.491618388040701859e+01,8.225577444513152159e+02
8.900000000000000355e+00,8.900000000000000355e+00,9.000000000000000000e+00,2.768303903416518413e-04,2.768303903417212303e-04,2.382531670068908577e-03,1.080000000000000057e-02,2.763789999999999910e-04,2.491614480011204336e+01,8.225577475554069906e+02
9.000000000000000000e+00,9.000000000000000000e+00,9.099999999999999645e+00,2.768296415729435637e-04,2.768296415729433468e-04,2.382530583192825954e-03,1.080000000000000057e-02,2.763789999999999910e-04,2.491612105365934582e+01,8.225577496380758475e+02
9.099999999999999645e+00,9.099999999999999645e+00,9.199999999999999289e+00,2.768291841462114920e-04,2.768291841462505233e-04,2.382530235619156455e-03,1.080000000000000057e-02,2.763789999999999910e-04,2.491610731454398575e+01,8.225577509745124871e+02
9.200000000000001066e+00,9.200000000000001066e+00,9.300000000000000711e+00,2.768289500529435556e-04,2.768289500529859479e-04,2.382530232719807291e-03,1.080000000000000057e-02,2.763789999999999910e-04,2.491610083529342745e+01,8.225577517053085330e+02
9.300000000000000711e+00,9.300000000000000711e+00,9.400000000000000355e+00,2.768288195585527633e-04,2.768288195585528718e-04,2.382530271131817843e-03,1.080000000000000057e-02,2.763789999999999910e-04,2.491609759477130837e+01,8.225577521435145627e+02
9.400000000000000355e+00,9.400000000000000355e+00,9.500000000000000000e+00,2.768287716926160717e-04,2.768287716926159632e-04,2.382530212237593276e-03,1.080000000000000057e-02,2.763789999999999910e-04,2.491609676026036979e+01,8.225577523358523422e+02
9.500000000000000000e+00,9.500000000000000000e+00,9.599999999999999645e+00,2.768287599982266370e-04,2.768287599981967672e-04,2.382529943676596051e-03,1.080000000000000057e-02,2.763789999999999910e-04,2.491609658381478809e+01,8.225577523942602056e+02
9.600000000000001421e+00,9.600000000000001421e+00,9.700000000000001066e+00,2.768287470904269164e-04,2.768287470903923846e-04,2.382529417140258950e-03,1.080000000000000057e-02,2.763789999999999910e-04,2.491609587763489841e+01,8.225577524187217477e+02
9.700000000000001066e+00,9.700000000000001066e+00,9.800000000000000711e+00,2.768287139348757494e-04,2.768287139350181594e-04,2.382528635180904911e-03,1.080000000000000057e-02,2.763789999999999910e-04,2.491609411252089856e+01,8.225577524677083829e+02
9.800000000000000711e+00,9.800000000000000711e+00,9.900000000000000355e+00,2.768286517585356096e-04,2.768286517585356096e-04,2.382527625932614936e-03,1.080000000000000057e-02,2.763789999999999910e-04,2.491609105320625162e+01,8.225577525700491606e+02
9.900000000000000355e+00,9.900000000000000355e+00,1.000000000000000000e+01,2.768285571175180932e-04,2.768285571175184184e-04,2.382526429289430221e-03,1.080000000000000057e-02,2.763789999999999910e-04,2.491608662846078559e+01,8.225577527384510859e+02
1.000000000000000000e+01,1.000000000000000000e+01,1.009999999999999964e+01,2.768284283751674913e-04,2.768284283751716113e-04,2.382525089743743173e-03,1.080000000000000057e-02,2.763789999999999910e-04,2.491608082651528022e+01,8.225577529800942784e+02
