variant,mode,np,a_c,a_m,u_etoh,u_water,converged,minutes,H2_mol_min,T_out_K,waste_m3_min,y_H2,y_CH4,y_CO,y_CO2,wall_s,error
np200,1,200,1.0,1.0,0.0021,0.0099,True,2.0,0.00022732729113199114,772.6907799617841,0.0002858042496055275,0.3967295412889942,0.06680965454254133,0.031323976103641495,0.13788869355792746,26.8,
np200,1,200,1.0,1.0,0.0024,0.0099,True,2.0,0.0002650091617798473,772.613114230422,0.0003045812816909095,0.42422914326281247,0.07036429383168714,0.039596554697952584,0.14312440866823098,58.0,
np200,1,200,1.0,0.95,0.0021,0.0099,True,2.0,0.00021622049877177463,772.712726771097,0.0002859907585452094,0.3971058406854378,0.06676798097421396,0.03130443728298184,0.13780268332584492,26.1,
np200,1,200,1.0,0.95,0.0024,0.0099,True,2.0,0.00025202368152241173,772.6389243217004,0.0003048000023533274,0.4246230886836888,0.07031615021513438,0.039569462528863716,0.14302648220190817,65.3,
np200,1,200,1.0,0.9,0.0021,0.0099,True,2.0,0.00020508653726984238,772.7347794763282,0.0002861777532245202,0.39748258970074174,0.06672625761249745,0.03128487511649078,0.13771657032500204,47.0,
np200,1,200,1.0,0.9,0.0024,0.0099,True,2.0,0.00023901040600589915,772.664842742898,0.00030501922611783866,0.4250173368993225,0.07026796959438517,0.03954234953616662,0.14292848046724263,118.6,
np200,1,200,1.0,0.85,0.0021,0.0099,True,2.0,0.00019392538042850246,772.7569382245476,0.00028636523422964123,0.3978597866549274,0.06668448464344226,0.031265289691398815,0.13763035493938902,59.6,
np200,1,200,1.0,0.85,0.0024,0.0099,True,2.0,0.00022596931857821688,772.690869586135,0.0003052389534211127,0.4254118860613575,0.07021975219532098,0.03951521584696827,0.14283040392368954,111.2,
np200,1,200,1.0,0.8,0.0021,0.0099,True,2.0,0.00018273700216482662,772.7792031619961,0.0002865532021451469,0.39823742986201766,0.06664266225376328,0.031245681095247977,0.13754403755436748,68.2,
np200,1,200,1.0,0.8,0.0024,0.0099,True,2.0,0.00021290040269607286,772.7170049427536,0.0003054591846982759,0.42580673431922245,0.07017149824410053,0.03948806158853952,0.1427322530312659,110.0,
np200,1,200,1.0,0.7,0.0021,0.0099,True,2.0,0.00016027847761352582,772.8240521853942,0.0002869306010375607,0.3989940482614309,0.06655886996266826,0.031206394741473187,0.1373710983343037,55.6,
np200,1,200,1.0,0.7,0.0024,0.0099,True,2.0,0.00018667901993880948,772.7696015576173,0.0003059011609070644,0.42659732070916373,0.07007488159115625,0.03943369187380689,0.14253573004258588,97.3,
np200,1,200,1.0,0.6,0.0021,0.0099,True,2.0,0.00013771075725375583,772.8693276998341,0.00028730995454612045,0.3997524312932771,0.06647488224598672,0.03116701676162363,0.1371977557746478,57.7,
np200,1,200,1.0,0.6,0.0024,0.0099,True,2.0,0.00016034612756109224,772.8226333026895,0.00030634515819438464,0.4273890812213581,0.06997812145008057,0.03937924141306664,0.14233891519204228,96.5,
np200,1,200,0.9,1.0,0.0021,0.0099,True,2.0,0.00022427754556602372,772.697014786632,0.0002853758660936575,0.3945625184167309,0.0677509052305317,0.03094697360919869,0.13768065058778667,69.8,
np200,1,200,0.9,1.0,0.0024,0.0099,True,2.0,0.00026183732772209133,772.6196208480599,0.00030405609375598966,0.42188882384822357,0.07143804477386691,0.03910299341015867,0.14298350143180025,88.4,
np200,1,200,0.8,1.0,0.0021,0.0099,True,2.0,0.00022095641946484143,772.7038025316432,0.000284913233839049,0.39221022029813263,0.06877140505337943,0.030541594846345783,0.1374514326221181,67.1,
np200,1,200,0.8,1.0,0.0024,0.0099,True,2.0,0.0002583762800281168,772.6267189823953,0.0003034882519947852,0.4193432986554354,0.07260406756219905,0.038571643699716204,0.142825518842505,85.8,
np200,1,200,0.7,1.0,0.0021,0.0099,True,2.0,0.00021730649660540828,772.71125998962,0.0002844093996928913,0.38963412627083965,0.06988754893885062,0.03010220708301479,0.13719639588638036,76.8,
np200,1,200,0.7,1.0,0.0024,0.0099,True,2.0,0.00025456429225065996,772.6345346899278,0.00030286906497124756,0.4165495532813994,0.07388157093618151,0.037994980299061426,0.14264653296523555,83.1,
np200,1,200,0.6,1.0,0.0021,0.0099,True,2.0,0.00021324888348234444,772.71954759764,0.00028385486655549776,0.38678145209607917,0.07112178695429248,0.029621137398325878,0.13690913388774975,81.8,
np200,1,200,0.6,1.0,0.0024,0.0099,True,2.0,0.00025031638659499744,772.6432414627368,0.00030218664141589167,0.4134485421089359,0.07529689706772147,0.03736272168089295,0.14244110256438697,98.7,
np200,1,200,0.5,1.0,0.0021,0.0099,True,2.0,0.00020867052302390144,772.72889519484,0.0002832360983471635,0.383576784943814,0.07250614664293814,0.029087462794119806,0.136580440066938,85.4,
np200,1,200,0.5,1.0,0.0024,0.0099,True,2.0,0.00024551043642553286,772.653088545543,0.00030142394657573483,0.4099556795666606,0.0768876693406463,0.036660090796915554,0.1422014146123194,92.2,
np200,1,200,0.4,1.0,0.0021,0.0099,True,2.0,0.00020339943607705182,772.7396522592326,0.0002825324122868769,0.37990578062670743,0.07408864272287628,0.028484403564948406,0.13619630173603017,100.8,
np200,1,200,0.4,1.0,0.0024,0.0099,True,2.0,0.00023995894707615212,772.6644583547351,0.0003005542573898968,0.4059415433022715,0.07871004308370491,0.03586350774163388,0.14191567962059942,103.0,
