mode,a_c,a_m,u_etoh,u_water,np,converged,minutes,H2_mol_min,T_out_K,waste_m3_min,y_H2,y_CH4,y_CO,y_CO2,wall_s,error
2,1.0,1.0,0.0018,0.0108,50,True,2.0,0.00027637948293377494,822.5681554903895,0.0001904865656438182,0.27444117418589065,0.08413521361108177,0.018739012436418664,0.11254552841471045,1.9,
2,1.0,1.0,0.0019,0.0108,50,True,2.0,0.0002979617758329134,822.5213520425996,0.00019431632837255708,0.28407437970753563,0.08662102886203388,0.020644048556905954,0.11562819822487992,2.7,
2,1.0,1.0,0.002,0.0108,50,True,2.0,0.0003183394376579082,822.4770201989458,0.00019817334135668419,0.29335636816372523,0.08896460343077242,0.022614004607396786,0.11846703758170202,2.8,
2,1.0,1.0,0.0021,0.0108,50,True,2.0,0.00033759604366542366,822.4350072150696,0.00020205601067295318,0.3022943917453685,0.09117544786514017,0.024645115755326852,0.121073724480179,3.9,
2,1.0,1.0,0.0022,0.0108,50,True,2.0,0.0003558073692429016,822.3951719770813,0.00020596286101859788,0.31089644889462525,0.09326240141831293,0.02673368009845516,0.12345953476271151,4.0,
2,1.0,1.0,0.0023,0.0108,50,True,2.0,0.00037304241780089,822.3573838103584,0.00020989252470126983,0.31917111720539587,0.09523367154988766,0.028876065551320804,0.1256353430236085,5.6,
2,0.95,1.0,0.0018,0.0108,50,True,2.0,0.0002751766776669615,822.570737332678,0.00019042881138150365,0.2739146212366132,0.08435020551101331,0.0186705565760048,0.11246500237912398,4.1,
2,0.95,1.0,0.0019,0.0108,50,True,2.0,0.0002966792109085281,822.5241126859116,0.00019425084692437908,0.2835013020337908,0.08685837476504835,0.020564703561567237,0.11554608240621518,4.6,
2,1.0,1.0,0.0024,0.0108,50,True,2.0,0.00038936426738945526,822.3215214569525,0.00021384373208945697,0.3271274109236428,0.09709687371812163,0.031068715887713688,0.12761162510979815,7.5,
2,0.95,1.0,0.002,0.0108,50,True,2.0,0.00031698006400514886,822.4799533293051,0.00019809972276586216,0.2927373513542194,0.08922468232168097,0.02252297909287993,0.11838429536246743,5.4,
2,0.95,1.0,0.0021,0.0108,50,True,2.0,0.0003361629999474341,822.4381060376575,0.0002019738678331296,0.30163025237699465,0.09145853835141554,0.024541652713940723,0.12099133496967307,5.7,
2,0.95,1.0,0.0022,0.0108,50,True,2.0,0.000354303918735385,822.398429365248,0.0002058718294150114,0.3101881963824129,0.093568690873165,0.026617060791627276,0.12337847958757295,5.6,
2,0.9,1.0,0.0018,0.0108,50,True,2.0,0.00027392861577479476,822.5734159427767,0.00019036902239254972,0.27336888266848913,0.0845729997760253,0.018599758358465026,0.11238138563390783,3.4,
2,0.95,1.0,0.0023,0.0108,50,True,2.0,0.0003714718945572556,822.3607924334591,0.00020979226188117691,0.3184199184829817,0.09556326519648627,0.028745612512898134,0.12555659495075447,6.2,
2,0.95,1.0,0.0024,0.0108,50,True,2.0,0.00038773003099403224,822.3250738884508,0.00021373391692984127,0.32633455822660973,0.09744980344207342,0.030923795162589588,0.1275361383821099,6.3,
2,0.9,1.0,0.0019,0.0108,50,True,2.0,0.00029534917258525705,822.5269751095894,0.00019418310921980053,0.28290772439966955,0.08710416850439313,0.020482708518624455,0.11546083918622754,3.4,
2,0.9,1.0,0.002,0.0108,50,True,2.0,0.000315571064858701,822.4829931088005,0.00019802361686228364,0.2920965365574931,0.0894938637473045,0.022428977903675432,0.11829841201364531,3.5,
2,0.9,1.0,0.0021,0.0108,50,True,2.0,0.0003346782397052268,822.4413162415784,0.00020188899713092888,0.300943033970485,0.09175139478775576,0.024434870629473932,0.12090581325680701,4.7,
2,0.9,1.0,0.0022,0.0108,50,True,2.0,0.00035274671889245693,822.4018027359342,0.0002057778199415431,0.3094556014676831,0.09388541788661668,0.02649676154032385,0.12329432352200578,4.6,
2,0.9,1.0,0.0023,0.0108,50,True,2.0,0.0003698456452152474,822.3643215136882,0.00020968876177012826,0.3176431323770721,0.09590397563099096,0.028611101336587518,0.12547479939578418,6.1,
2,0.8,1.0,0.0018,0.0108,50,True,2.0,0.00027127861647371844,822.5791021378759,0.00019024253854287395,0.2722122356362132,0.08504508934205035,0.01845021759339365,0.11220364029907298,3.7,
2,0.8,1.0,0.0019,0.0108,50,True,2.0,0.0002925277323450844,822.5330458691723,0.00019403997827277062,0.2816509550433423,0.08762444068941685,0.02030973286496355,0.1152797182102221,3.6,
2,0.9,1.0,0.0024,0.0108,50,True,2.0,0.0003860381461565877,822.3287511283833,0.00021362059570375827,0.32551489231521274,0.09781453619463458,0.03077442109608137,0.1274576793944782,6.3,
2,0.8,1.0,0.002,0.0108,50,True,2.0,0.00031258444210163544,822.4894350124792,0.00019786296813623121,0.2907409081160559,0.09006312436310158,0.022230888662897685,0.11811596628760339,3.7,
2,0.8,1.0,0.0021,0.0108,50,True,2.0,0.0003315330489770663,822.4481149450902,0.00020171000592577153,0.29949027565575964,0.09237024597235927,0.024210059094193503,0.1207241234254251,5.6,
2,0.8,1.0,0.0022,0.0108,50,True,2.0,0.0003494498083405067,822.4089432626604,0.0002055797070188656,0.3079078319187398,0.09455427631939986,0.026243696824208445,0.12311547359151975,5.7,
2,0.8,1.0,0.0023,0.0108,50,True,2.0,0.00036640399226223625,822.3717885037751,0.00020947079232747735,0.31600278903232343,0.0966230905645555,0.02832833654837438,0.12530085396816987,6.5,
2,0.7,1.0,0.0018,0.0108,50,True,2.0,0.0002683852467766866,822.5853085524337,0.00019010515846036786,0.27095264788042817,0.08555903479234855,0.018288154065717672,0.11200926252959656,3.7,
2,0.8,1.0,0.0024,0.0108,50,True,2.0,0.00038245876972630805,822.3365290495958,0.00021338207797200545,0.3237846670855565,0.0985840069063326,0.0304605979832649,0.12729066432093405,6.2,
2,0.7,1.0,0.0019,0.0108,50,True,2.0,0.0002894511759732953,822.5396634266355,0.00019388477267065425,0.2802842654693678,0.08819000031439048,0.020122597786841907,0.11508177462181567,3.9,
2,0.7,1.0,0.002,0.0108,50,True,2.0,0.0003093313306696987,822.4964494629355,0.00019768901748086124,0.2892684815911894,0.09068114669433242,0.022016910189676282,0.11791663167579475,3.9,
2,0.7,1.0,0.0021,0.0108,50,True,2.0,0.0003281103513569658,822.4555111516974,0.00020151643719406518,0.29791394767217616,0.09304137245293558,0.023967536991012155,0.1205256004200371,5.1,
2,0.7,1.0,0.0022,0.0108,50,True,2.0,0.00034586471091928127,822.4167054881126,0.0002053656931438145,0.30622983138498466,0.09527895964475812,0.025971010378762933,0.12291996618170802,4.9,
2,0.7,1.0,0.0023,0.0108,50,True,2.0,0.0003626637971556106,822.3799006548769,0.00020923555117153856,0.3142256672252043,0.0974016127379632,0.02802395083496684,0.12511054467353122,5.9,
2,0.6,1.0,0.0018,0.0108,50,True,2.0,0.0002651864310433803,822.5921677325467,0.00018995414513852397,0.2695640767071462,0.08612541787428421,0.018110441605360343,0.1117939988959254,4.9,
2,0.7,1.0,0.0024,0.0108,50,True,2.0,0.00037857080925596086,822.3449748842518,0.00021312487094325057,0.32191123301728436,0.09941649665061673,0.03012306862247667,0.1271076947607276,6.1,
2,0.6,1.0,0.0019,0.0108,50,True,2.0,0.0002860545767056853,822.5469667955924,0.0001937144660492403,0.2787799074086299,0.08881227073925198,0.01991777556829205,0.11486271179087915,3.7,
2,0.6,1.0,0.002,0.0108,50,True,2.0,0.00030574406720851126,822.5041816866969,0.00019749843860392266,0.2876498396883874,0.09136020123740966,0.021783092121723757,0.11769610014767622,3.9,
2,0.6,1.0,0.0021,0.0108,50,True,2.0,0.00032433985709478077,822.4636560542652,0.00020130465454227736,0.29618300220231136,0.09377789600697785,0.023702911066963973,0.12030595589171866,4.9,
2,0.6,1.0,0.0022,0.0108,50,True,2.0,0.0003419186161064214,822.4252463341116,0.00020513182200756632,0.3043889613057972,0.09607344386469734,0.025673846648087372,0.12270356285892457,5.0,
2,0.6,1.0,0.0023,0.0108,50,True,2.0,0.0003585498296267983,822.3888203900693,0.00020897875258585831,0.312277578175376,0.09825437429194672,0.027692607761390268,0.12489971227920812,4.9,
2,0.5,1.0,0.0018,0.0108,50,True,2.0,0.0002615906968690738,822.5998749530878,0.00018978547714437041,0.2680082059028143,0.08675980532622313,0.017912492427294608,0.11155157865346017,4.4,
2,0.6,1.0,0.0024,0.0108,50,True,2.0,0.00037429671089234465,822.3542563383556,0.00021284435030080844,0.3198588920390534,0.10032769475674441,0.02975599796091586,0.12690471898846167,5.7,
2,0.5,1.0,0.0019,0.0108,50,True,2.0,0.0002822422788469581,822.5551607419233,0.0001935246128233878,0.2770970629883571,0.08950805320051196,0.019690090240947707,0.11461619514455064,4.6,
2,0.5,1.0,0.002,0.0108,50,True,2.0,0.00030172298198370077,822.5128455643764,0.00019728634635386109,0.28584171700436156,0.09211833159242397,0.021523639489353614,0.11744801997333623,4.9,
2,0.5,1.0,0.0021,0.0108,50,True,2.0,0.0003201180453158416,822.4727722839057,0.00020106931842438125,0.2942517833025734,0.09459910840463095,0.023409737772842686,0.1200588665662157,6.0,
2,0.5,1.0,0.0022,0.0108,50,True,2.0,0.0003375043081521287,822.4347968310979,0.00020487228537549514,0.3023372341340298,0.09695827294604978,0.02534508517299068,0.122460013175791,6.3,
2,0.5,1.0,0.0023,0.0108,50,True,2.0,0.00035395132838990536,822.3987868018652,0.00020869410584266833,0.31010826282836723,0.09920317386048863,0.027326482850222926,0.12466222215596366,7.3,
2,0.5,1.0,0.0024,0.0108,50,True,2.0,0.00036952231093351223,822.3646202428434,0.000212533729454139,0.3175751743806698,0.10134065572662972,0.02935083166208885,0.12667575975572065,7.3,
2,0.4,1.0,0.0018,0.0108,50,True,2.0,0.00025745408743568717,822.6087374599342,0.00018959284654487666,0.266224840435455,0.08748664900069185,0.017687119946277044,0.11127212769978474,5.9,
2,0.4,1.0,0.0019,0.0108,50,True,2.0,0.0002778637671541821,822.5645673934206,0.00019330824125347683,0.27517161798754103,0.09030373342030418,0.019431435533041944,0.11433224931898346,4.8,
2,0.4,1.0,0.002,0.0108,50,True,2.0,0.0002971112679442726,822.5227775130045,0.00019704508116788653,0.28377616549608775,0.09298386935975889,0.021229478261099298,0.11716238761688366,5.2,
2,0.4,1.0,0.0021,0.0108,50,True,2.0,0.00031528207381087864,822.4832099729115,0.0002008020583552764,0.2920485989627178,0.0955352959077643,0.023077929180630813,0.11977437217253079,6.4,
2,0.4,1.0,0.0022,0.0108,50,True,2.0,0.0003324531560143792,822.4457202731018,0.00020457797958340398,0.29999930683645576,0.09796569378919735,0.024973579936541583,0.12217946963175386,6.2,
2,1.0,0.95,0.0018,0.0108,50,True,2.0,0.00026319756074380307,822.59465199352,0.00019064296044991766,0.27501303714359265,0.08406890084581627,0.018724242928151322,0.11245682352068181,2.6,
2,0.4,1.0,0.0023,0.0108,50,True,2.0,0.00034869410959000426,822.4101758133868,0.00020837175261452122,0.307638822100635,0.10028222254625427,0.026913329777150434,0.12438840696527755,6.9,
2,0.4,1.0,0.0024,0.0108,50,True,2.0,0.00036406809786325873,822.3764546401807,0.0002121823746419475,0.31497772064667295,0.10249155619515343,0.028894182737300763,0.12641139491080514,6.7,
2,1.0,0.95,0.0019,0.0108,50,True,2.0,0.00028371818609353725,822.5501152259553,0.0001944854753978797,0.28467201748370835,0.08654871967601638,0.020626815393515244,0.11553167454004566,3.4,
2,1.0,0.95,0.002,0.0108,50,True,2.0,0.0003030900868603142,822.5079445635166,0.0001983545993596808,0.29397555984923573,0.0888866488009058,0.022594189239449985,0.11836323164410606,3.6,
2,1.0,0.95,0.0021,0.0108,50,True,2.0,0.0003213933999303566,822.46799186719,0.000202248777556353,0.30293143171499276,0.0910922001402323,0.02462261353718154,0.12096317813963979,4.8,
2,1.0,0.95,0.0022,0.0108,50,True,2.0,0.0003387007219664938,822.4301205635072,0.00020616657088797424,0.3115480857418329,0.09317420971316233,0.026708399934104284,0.12334278774861307,4.9,
2,1.0,0.95,0.0023,0.0108,50,True,2.0,0.00035507811101654686,822.3942044176293,0.0002101066452202641,0.3198344999525329,0.09514087822655884,0.028847929430518622,0.1255129270669727,5.5,
2,1.0,0.9,0.0018,0.0108,50,True,2.0,0.00024994962672402176,822.6214155878378,0.00019080017936928603,0.2755868563384339,0.084002361236877,0.018709422896134868,0.11236781518365908,2.6,
2,1.0,0.9,0.0019,0.0108,50,True,2.0,0.00026940664627949783,822.5791538352127,0.00019465547349288416,0.2852715022368867,0.08647618702108824,0.02060952897167915,0.11543485255223954,3.1,
2,1.0,0.95,0.0024,0.0108,50,True,2.0,0.0003705859105158532,822.3601264860395,0.00021406776208908468,0.32780004162463816,0.09699981174932226,0.031037658340567903,0.1274840593592275,6.0,
2,1.0,0.9,0.002,0.0108,50,True,2.0,0.00028777130589453435,822.5391507697383,0.00019853672983140467,0.2945964791234584,0.08880847667234537,0.022574318586322428,0.1182591360801762,3.6,
2,1.0,0.9,0.0021,0.0108,50,True,2.0,0.00030512022817096447,822.5012631644236,0.00020244243365085386,0.30357007480543274,0.09100874292114845,0.02460005469185679,0.12085235360754033,5.1,
2,1.0,0.9,0.0022,0.0108,50,True,2.0,0.0003215227679791396,822.4653592437481,0.0002063711828033819,0.31220119989343503,0.09308581807147145,0.026683062457951944,0.12322577606122541,5.2,
2,1.0,0.9,0.0023,0.0108,50,True,2.0,0.0003370419854273668,822.4313174294566,0.00021032167733777806,0.3204992355527131,0.09504789566748242,0.028819735931020746,0.12539026146441165,6.6,
2,1.0,0.8,0.0018,0.0108,50,True,2.0,0.00022325501364523547,822.6757482339154,0.00019111709949228394,0.27674034833686173,0.08386860323927077,0.018679631650911438,0.11218889052329185,2.9,
2,1.0,0.9,0.0024,0.0108,50,True,2.0,0.0003517354453686784,822.3990252753027,0.00021429271048136923,0.32847390402782867,0.09690257204343695,0.03100654392174086,0.1273562600139319,6.3,
2,1.0,0.8,0.0019,0.0108,50,True,2.0,0.00024057907342081466,822.6380611254474,0.00019499803210632836,0.286475992331578,0.08633045376560343,0.020574796938981066,0.1152403169530387,3.5,
2,1.0,0.8,0.002,0.0108,50,True,2.0,0.00025692487558157085,822.6024121179739,0.00019890361667286092,0.2958434758678102,0.08865148301127168,0.02253441220515634,0.11805008019469722,3.8,
2,1.0,0.8,0.0021,0.0108,50,True,2.0,0.0002723617849601016,822.568668737565,0.00020283242126842708,0.3048521424860182,0.09084120364152785,0.02455476810386819,0.12062987480371659,4.9,
2,1.0,0.8,0.0022,0.0108,50,True,2.0,0.000286952482789145,822.5367095827903,0.00020678311990808166,0.3135118297804548,0.09290843908330214,0.0266322167467613,0.1229909641003086,4.9,
2,1.0,0.8,0.0023,0.0108,50,True,2.0,0.0003007538751152909,822.5064230419152,0.00021075448288893967,0.32183273323396966,0.0948613673291602,0.028763178156476187,0.1251441872410057,5.7,
2,1.0,0.7,0.0018,0.0108,50,True,2.0,0.00019629423192326368,822.7311617425871,0.00019143734583088555,0.27790161908332617,0.08373394322434441,0.018649639503912702,0.11200875925737178,2.9,
2,1.0,0.7,0.0019,0.0108,50,True,2.0,0.0002114777794008841,822.6980814413963,0.00019534402256033022,0.2876878084760833,0.0861838341192771,0.020539853656288326,0.11504459813334446,3.4,
2,1.0,0.8,0.0024,0.0108,50,True,2.0,0.0003138178375508272,822.4777062130295,0.00021474536839547425,0.329825290723408,0.09670756421364565,0.030944146002771934,0.12709996683868985,6.1,
2,1.0,0.7,0.002,0.0108,50,True,2.0,0.0002257989996293184,822.6668110015431,0.00019927401877658677,0.29709730851156346,0.08849362872833914,0.022494287061724245,0.11783987828801361,3.6,
2,1.0,0.7,0.0021,0.0108,50,True,2.0,0.00023931969172192997,822.6372299556208,0.00020322598902447356,0.3061405384055424,0.09067283739416902,0.024509257982937318,0.12040629785267595,4.8,
2,1.0,0.7,0.0022,0.0108,50,True,2.0,0.0002520956084942323,822.6092283225537,0.00020719868651159558,0.3148282773360544,0.09273027273924558,0.02658114533992192,0.12275510984813937,5.2,
2,1.0,0.7,0.0023,0.0108,50,True,2.0,0.00026417729032120896,822.5827053329161,0.0002111909543034102,0.32317154562422956,0.09467409557459316,0.028706394968631192,0.12489713227881885,6.0,
2,1.0,0.6,0.0018,0.0108,50,True,2.0,0.00016906588166665934,822.7876643404452,0.000191760938087897,0.2790706360413987,0.08359838496499575,0.018619447295457205,0.11182742643280802,2.6,
2,1.0,0.7,0.0024,0.0108,50,True,2.0,0.0002756107472209942,822.5575683640312,0.00021520171764431072,0.33118150419571324,0.0965118598702316,0.03088152521581954,0.12684275825567146,6.2,
2,1.0,0.6,0.0019,0.0108,50,True,2.0,0.0001821014995411933,822.7592222142005,0.00019569346307066112,0.2889069078263147,0.08603633326578713,0.02050470035895442,0.11484770301272822,3.2,
2,1.0,0.6,0.002,0.0108,50,True,2.0,0.00019439254491541449,822.7323540756353,0.00019964795289606325,0.2983579259790398,0.0883349202534703,0.022453944790254154,0.1176285389223373,3.9,
2,1.0,0.6,0.0021,0.0108,50,True,2.0,0.00020599294049634536,822.7069527343,0.00020362315227018534,0.30743520514416295,0.09050365168264435,0.0244635263573175,0.12018163271856024,4.7,
2,1.0,0.6,0.0022,0.0108,50,True,2.0,0.00021695125433891346,822.6829206856552,0.00020761789664377082,0.3161504804503756,0.09255132744327023,0.0265298506456788,0.12251822442984496,4.7,
2,1.0,0.6,0.0023,0.0108,50,True,2.0,0.00022731144875366282,822.6601688833723,0.0002116311043815783,0.32451560736245616,0.09448608954641753,0.02864938913964965,0.12464910863911312,5.4,
2,1.0,0.5,0.0018,0.0108,50,True,2.0,0.00014156857509176095,822.8452641647573,0.00019208789584814086,0.2802473652421317,0.0834619324002365,0.018589055902861175,0.11164489731871598,2.6,
2,1.0,0.5,0.0019,0.0108,50,True,2.0,0.0001524489825193717,822.8214907765192,0.00019604637171924874,0.29013324622205067,0.08588795654818555,0.020469338320384035,0.1146496387234874,3.3,
2,1.0,0.6,0.0024,0.0108,50,True,2.0,0.0002371134915710754,822.638615720737,0.00021566176989541467,0.33254247703439416,0.0963154687406071,0.030818684673416877,0.12658464704932662,5.9,
2,1.0,0.5,0.002,0.0108,50,True,2.0,0.00016270439241681603,822.7990478916018,0.00020002543564107784,0.29962527602159295,0.08817536416483825,0.022413387062966982,0.1174160708572944,3.7,
2,1.0,0.5,0.0021,0.0108,50,True,2.0,0.00017238053776616152,822.7778428831502,0.00020402392620799537,0.3087360842605366,0.0903336541440158,0.024417575291344716,0.11995588954277549,5.0,
2,1.0,0.5,0.0022,0.0108,50,True,2.0,0.00018151854403724516,822.757791788501,0.00020804076418439677,0.3174783761616514,0.09237161172033374,0.026478335109167486,0.12228031913032815,5.2,
2,1.0,0.5,0.0023,0.0108,50,True,2.0,0.0001901555823985263,822.7388181697801,0.0002120749457752098,0.32586485237089435,0.09429735848752545,0.02859216347209473,0.12440012851541087,6.1,
2,1.0,0.4,0.0018,0.0108,50,True,2.0,0.00011380093674367449,822.9039692615772,0.00019241823857579126,0.28143177128704167,0.08332458963484604,0.01855846624036147,0.11146117740595439,2.8,
2,1.0,0.4,0.0019,0.0108,50,True,2.0,0.00012251899054214487,822.8848943610654,0.00019640276645207323,0.29136677819702894,0.08573870946746791,0.020433768851590078,0.1144504126087614,3.5,
2,1.0,0.5,0.0024,0.0108,50,True,2.0,0.00019832540169932944,822.7208521741852,0.00021612553667127188,0.33390814125340057,0.0961184006353555,0.03075562751475262,0.1263256461133928,6.1,
2,1.0,0.4,0.002,0.0108,50,True,2.0,0.0001307334373380011,822.8668988959088,0.00020040648347615183,0.3008993052298384,0.08801496718654518,0.022372615589068726,0.11720248304683342,3.7,
2,1.0,0.4,0.0021,0.0108,50,True,2.0,0.00013848150454420219,822.8499061048658,0.00020442832589048752,0.3100431163090081,0.09016285254658654,0.024371406884828115,0.11972907864100751,4.7,
2,1.0,0.4,0.0022,0.0108,50,True,2.0,0.0001457966158392602,822.8338466410077,0.00020846730286231495,0.318811900645723,0.09219113420642473,0.026426601205185005,0.12204140538198915,4.8,
2,1.0,0.4,0.0023,0.0108,50,True,2.0,0.0001527089375399369,822.8186575641163,0.00021252249098714516,0.3272192138746607,0.09410791173832085,0.028534720798095985,0.12415020422987554,5.4,
2,1.0,0.4,0.0024,0.0108,50,True,2.0,0.0001592458226057221,822.804281514144,0.00021659302934932075,0.33527842831019816,0.09592066544523714,0.03069235690460089,0.126065768447041,5.3,
