time_min,H2_dynamic_mol_min,H2_quasisteady_mol_min
1.000000000000000056e-01,2.762201120721548145e-04,2.762217378166888725e-04
2.000000000000000111e-01,2.760623277084686385e-04,2.760640778521648376e-04
3.000000000000000444e-01,2.759047546369881995e-04,2.759065030000983033e-04
4.000000000000000222e-01,2.757472668904783738e-04,2.757490132204708797e-04
5.000000000000000000e-01,2.755898643335929457e-04,2.755916084732755065e-04
6.000000000000000888e-01,2.754325467798113573e-04,2.754342887185162367e-04
7.000000000000000666e-01,2.752753141754331833e-04,2.752770539162088326e-04
8.000000000000000444e-01,2.751181664808596198e-04,2.751199040263801695e-04
9.000000000000000222e-01,2.749611036560987857e-04,2.749628390090684527e-04
1.000000000000000000e+00,2.748041256612013543e-04,2.748058588243233258e-04
1.100000000000000089e+00,2.746472324562304135e-04,2.746489634322058708e-04
1.200000000000000178e+00,2.744904240012599472e-04,2.744921527927882826e-04
1.300000000000000044e+00,2.743337002563758656e-04,2.743354268661544657e-04
1.400000000000000133e+00,2.741770611816758425e-04,2.741787856123994917e-04
1.500000000000000000e+00,2.740205067372679599e-04,2.740222289916298165e-04
1.600000000000000089e+00,2.738640368832721177e-04,2.738657569639633884e-04
1.700000000000000178e+00,2.737076515798207927e-04,2.737093694895295940e-04
1.800000000000000044e+00,2.735513507870558397e-04,2.735530665284692585e-04
1.900000000000000133e+00,2.733951344651321244e-04,2.733968480409343740e-04
2.000000000000000000e+00,2.732390025742148119e-04,2.732407139870886422e-04
2.100000000000000089e+00,2.730829550744819697e-04,2.730846643271070948e-04
2.200000000000000178e+00,2.729269919261213687e-04,2.729286990211762559e-04
2.300000000000000266e+00,2.727711130893337361e-04,2.727728180294939795e-04
2.400000000000000355e+00,2.726153185243306953e-04,2.726170213122697207e-04
2.500000000000000000e+00,2.724596081913351455e-04,2.724613088297243727e-04
2.600000000000000089e+00,2.723039820505819119e-04,2.723056805420901588e-04
2.700000000000000178e+00,2.721484400623164451e-04,2.721501364096109575e-04
2.800000000000000266e+00,2.719929821867972061e-04,2.719946763925420855e-04
2.900000000000000355e+00,2.718376083842927388e-04,2.718393004511503522e-04
3.000000000000000000e+00,2.716823186150837304e-04,2.716840085457139509e-04
3.100000000000000089e+00,2.715271128394623062e-04,2.715288006365227844e-04
3.200000000000000178e+00,2.713719910177320844e-04,2.713736766838781940e-04
3.300000000000000266e+00,2.712169531102083379e-04,2.712186366480929048e-04
3.400000000000000355e+00,2.710619990772175072e-04,2.710636804894914599e-04
3.500000000000000000e+00,2.709071288790982843e-04,2.709088081684096240e-04
3.600000000000000089e+00,2.707523424762003114e-04,2.707540196451948709e-04
3.700000000000000178e+00,2.705976398288852114e-04,2.705993148802061671e-04
3.800000000000000266e+00,2.704430208975249069e-04,2.704446938338140802e-04
3.900000000000000355e+00,2.702884856425054154e-04,2.702901564664008326e-04
4.000000000000000000e+00,2.701340340242221324e-04,2.701357027383599228e-04
4.100000000000000533e+00,2.699796660030829220e-04,2.699813326100967753e-04
4.200000000000000178e+00,2.698253815395062734e-04,2.698270460420281987e-04
4.299999999999999822e+00,2.696711805939242825e-04,2.696728429945824943e-04
4.400000000000000355e+00,2.695170631267787488e-04,2.695187234281998354e-04
4.500000000000000000e+00,2.693630290985242655e-04,2.693646873033318334e-04
4.600000000000000533e+00,2.692090784696262134e-04,2.692107345804417009e-04
4.700000000000000178e+00,2.690552112005618456e-04,2.690568652200042515e-04
4.800000000000000711e+00,2.689014272518211002e-04,2.689030791825061163e-04
4.900000000000000355e+00,2.687477265839034561e-04,2.687493764284451482e-04
5.000000000000000000e+00,2.685941091573215657e-04,2.685957569183313430e-04
5.100000000000000533e+00,2.684405749325997361e-04,2.684422206126860265e-04
5.200000000000000178e+00,2.682871238702733336e-04,2.682887674720421797e-04
5.300000000000000711e+00,2.681337559308890543e-04,2.681353974569444386e-04
5.400000000000000355e+00,2.679804710750072010e-04,2.679821105279494198e-04
5.500000000000000000e+00,2.678272692631974549e-04,2.678289066456248529e-04
5.600000000000000533e+00,2.676741504560421823e-04,2.676757857705505564e-04
5.700000000000000178e+00,2.675211146141358385e-04,2.675227478633180039e-04
5.800000000000000711e+00,2.673681616980837748e-04,2.673697928845301616e-04
5.900000000000000355e+00,2.672152916685036485e-04,2.672169207948017593e-04
6.000000000000000000e+00,2.670625044860244464e-04,2.670641315547593988e-04
6.100000000000000533e+00,2.669098001112870278e-04,2.669114251250410659e-04
6.200000000000000178e+00,2.667571785049437441e-04,2.667588014662968898e-04
6.300000000000000711e+00,2.666046396276599575e-04,2.666062605391882750e-04
6.400000000000000355e+00,2.664521834401100287e-04,2.664538023043886610e-04
6.500000000000000000e+00,2.662998099029829013e-04,2.663014267225830879e-04
6.600000000000000533e+00,2.661475189769780354e-04,2.661491337544683597e-04
6.700000000000000178e+00,2.659953106228065463e-04,2.659969233607529355e-04
6.800000000000000711e+00,2.658431848011906626e-04,2.658447955021573631e-04
6.900000000000000355e+00,2.656911414728667072e-04,2.656927501394134661e-04
7.000000000000000000e+00,2.655391805985808694e-04,2.655407872332651571e-04
7.100000000000000533e+00,2.653873021390908311e-04,2.653889067444681121e-04
7.200000000000000178e+00,2.652355060551674472e-04,2.652371086337895539e-04
7.300000000000000711e+00,2.650837923075925772e-04,2.650853928620086858e-04
7.400000000000000355e+00,2.649321608571592480e-04,2.649337593899164203e-04
7.500000000000000000e+00,2.647806116646736594e-04,2.647822081783157049e-04
7.600000000000000533e+00,2.646291446909533954e-04,2.646307391880208708e-04
7.700000000000000178e+00,2.644777598968275868e-04,2.644793523798582300e-04
7.800000000000000711e+00,2.643264572431365859e-04,2.643280477146661288e-04
7.900000000000000355e+00,2.641752366907335926e-04,2.641768251532944064e-04
8.000000000000000000e+00,2.640240982004840044e-04,2.640256846566048821e-04
8.099999999999999645e+00,2.638730417332634101e-04,2.638746261854712474e-04
8.200000000000001066e+00,2.637220672499603546e-04,2.637236497007789575e-04
8.300000000000000711e+00,2.635711747114752009e-04,2.635727551634252852e-04
8.400000000000000355e+00,2.634203640787201837e-04,2.634219425343194295e-04
8.500000000000000000e+00,2.632696353126188138e-04,2.632712117743824616e-04
8.599999999999999645e+00,2.631189883741070698e-04,2.631205628445471619e-04
8.700000000000001066e+00,2.629684232241329654e-04,2.629699957057582914e-04
8.800000000000000711e+00,2.628179398236560609e-04,2.628195103189725915e-04
8.900000000000000355e+00,2.626675381336474090e-04,2.626691066451584044e-04
9.000000000000000000e+00,2.625172181150904767e-04,2.625187846452962698e-04
9.099999999999999645e+00,2.623669797289806030e-04,2.623685442803783282e-04
9.200000000000001066e+00,2.622168229363249989e-04,2.622183855114087548e-04
9.300000000000000711e+00,2.620667476981425846e-04,2.620683082994037594e-04
9.400000000000000355e+00,2.619167539754642068e-04,2.619183126053913156e-04
9.500000000000000000e+00,2.617668417293330719e-04,2.617683983904111602e-04
9.600000000000001421e+00,2.616170109208040958e-04,2.616185656155152819e-04
9.700000000000001066e+00,2.614672615109437412e-04,2.614688142417672702e-04
9.800000000000000711e+00,2.613175934608307220e-04,2.613191442302429117e-04
9.900000000000000355e+00,2.611680067315561124e-04,2.611695555420297027e-04
1.000000000000000000e+01,2.610185012842220452e-04,2.610200481382273906e-04
1.010000000000000142e+01,2.608690770799433384e-04,2.608706219799472700e-04
1.020000000000000107e+01,2.607197340798462484e-04,2.607212770283128325e-04
1.030000000000000071e+01,2.605704722450698251e-04,2.605720132444596586e-04
1.040000000000000036e+01,2.604212915367638522e-04,2.604228305895349297e-04
1.050000000000000000e+01,2.602721919160907440e-04,2.602737290246980788e-04
1.060000000000000142e+01,2.601231733442257088e-04,2.601247085111204650e-04
1.070000000000000107e+01,2.599742357823546339e-04,2.599757690099853196e-04
1.080000000000000071e+01,2.598253791916757668e-04,2.598269104824879085e-04
1.090000000000000036e+01,2.596766035333998774e-04,2.596781328898356404e-04
1.100000000000000000e+01,2.595279087687493908e-04,2.595294361932477421e-04
1.110000000000000142e+01,2.593792948589582789e-04,2.593808203539555292e-04
1.120000000000000107e+01,2.592307617652734697e-04,2.592322853332022434e-04
1.130000000000000071e+01,2.590823094489532754e-04,2.590838310922432153e-04
1.140000000000000036e+01,2.589339378712679344e-04,2.589354575923458104e-04
1.150000000000000000e+01,2.587856469935002077e-04,2.587871647947893199e-04
1.160000000000000142e+01,2.586374367769449993e-04,2.586389526608652871e-04
1.170000000000000107e+01,2.584893071829082178e-04,2.584908211518769641e-04
1.180000000000000071e+01,2.583412581727089993e-04,2.583427702291399633e-04
1.190000000000000036e+01,2.581932897076781889e-04,2.581947998539816064e-04
1.200000000000000000e+01,2.580454017491577452e-04,2.580469099877416832e-04
1.210000000000000142e+01,2.578975942585035042e-04,2.578991005917716933e-04
1.220000000000000107e+01,2.577498671970815478e-04,2.577513716274353875e-04
1.230000000000000071e+01,2.576022205262717816e-04,2.576037230561084427e-04
1.240000000000000036e+01,2.574546542074643567e-04,2.574561548391787877e-04
1.250000000000000000e+01,2.573071682020626515e-04,2.573086669380462771e-04
1.260000000000000142e+01,2.571597624714822960e-04,2.571612593141229088e-04
1.270000000000000107e+01,2.570124369771501958e-04,2.570139319288329322e-04
1.280000000000000071e+01,2.568651916805057790e-04,2.568666847436121975e-04
1.290000000000000036e+01,2.567180265430009964e-04,2.567195177199091318e-04
1.300000000000000000e+01,2.565709415260993454e-04,2.565724308191842510e-04
1.310000000000000142e+01,2.564239365912764123e-04,2.564254240029099972e-04
1.320000000000000107e+01,2.562770117000199264e-04,2.562784972325708472e-04
1.330000000000000071e+01,2.561301668138307361e-04,2.561316504696636918e-04
1.340000000000000036e+01,2.559834018942202605e-04,2.559848836756972398e-04
1.350000000000000000e+01,2.558367169027126039e-04,2.558381968121926139e-04
1.360000000000000142e+01,2.556901118008448812e-04,2.556915898406829715e-04
1.370000000000000107e+01,2.555435865501654285e-04,2.555450627227133422e-04
1.380000000000000071e+01,2.553971411122345626e-04,2.553986154198414405e-04
1.390000000000000036e+01,2.552507754486257191e-04,2.552522478936365821e-04
1.400000000000000000e+01,2.551044895209235550e-04,2.551059601056806592e-04
1.410000000000000142e+01,2.549582832907253582e-04,2.549597520175674362e-04
1.420000000000000107e+01,2.548121567196409394e-04,2.548136235909029832e-04
1.430000000000000071e+01,2.546661097692912222e-04,2.546675747873055674e-04
1.440000000000000036e+01,2.545201424013105742e-04,2.545216055684055992e-04
1.450000000000000000e+01,2.543742545773441509e-04,2.543757158958454695e-04
1.460000000000000142e+01,2.542284462590507690e-04,2.542299057312802000e-04
1.470000000000000107e+01,2.540827174081004120e-04,2.540841750363765760e-04
1.480000000000000071e+01,2.539370679861758574e-04,2.539385237728137971e-04
1.490000000000000036e+01,2.537914979549715918e-04,2.537929519022832058e-04
1.500000000000000000e+01,2.536460072761944078e-04,2.536474593864882876e-04
1.510000000000000142e+01,2.535005959115641081e-04,2.535020461871449423e-04
1.520000000000000107e+01,2.533552638228115544e-04,2.533567122659809417e-04
1.530000000000000071e+01,2.532100109716801852e-04,2.532114575847367426e-04
1.540000000000000036e+01,2.530648373199261784e-04,2.530662821051646739e-04
1.550000000000000000e+01,2.529197428293174753e-04,2.529211857890291534e-04
1.560000000000000142e+01,2.527747274616342688e-04,2.527761685981073925e-04
1.570000000000000107e+01,2.526297911786695456e-04,2.526312304941883660e-04
1.580000000000000071e+01,2.524849339422276218e-04,2.524863714390734632e-04
1.590000000000000036e+01,2.523401557141251739e-04,2.523415913945763244e-04
1.600000000000000000e+01,2.521954564561924850e-04,2.521968903225228417e-04
1.610000000000000142e+01,2.520508361302707884e-04,2.520522681847510503e-04
1.619999999999999929e+01,2.519062946982136234e-04,2.519077249431113451e-04
1.630000000000000071e+01,2.517618321218871602e-04,2.517632605594663183e-04
1.640000000000000213e+01,2.516174483631693866e-04,2.516188749956912475e-04
1.650000000000000000e+01,2.514731433839520599e-04,2.514745682136729568e-04
1.660000000000000142e+01,2.513289171461377796e-04,2.513303401753111182e-04
1.669999999999999929e+01,2.511847696116408543e-04,2.511861908425173299e-04
1.680000000000000071e+01,2.510407007423896331e-04,2.510421201772158753e-04
1.690000000000000213e+01,2.508967105003241205e-04,2.508981281413429640e-04
1.700000000000000000e+01,2.507527988473956504e-04,2.507542146968473823e-04
1.710000000000000142e+01,2.506089657455692725e-04,2.506103798056899513e-04
1.719999999999999929e+01,2.504652111568214743e-04,2.504666234298440143e-04
1.730000000000000071e+01,2.503215350431414830e-04,2.503229455312950039e-04
1.740000000000000213e+01,2.501779373665307771e-04,2.501793460720410376e-04
1.750000000000000000e+01,2.500344180890028698e-04,2.500358250140921590e-04
1.760000000000000142e+01,2.498909771725836885e-04,2.498923823194710431e-04
1.769999999999999929e+01,2.497476145793116830e-04,2.497490179502132122e-04
1.780000000000000071e+01,2.496043302712380968e-04,2.496057318683675245e-04
1.790000000000000213e+01,2.494611242104252864e-04,2.494625240359950357e-04
1.800000000000000000e+01,2.493179963589492692e-04,2.493193944151693778e-04
1.810000000000000142e+01,2.491749466788968507e-04,2.491763429679764346e-04
1.819999999999999929e+01,2.490319751323693100e-04,2.490333696565143412e-04
1.830000000000000071e+01,2.488890816814783892e-04,2.488904744428937555e-04
1.840000000000000213e+01,2.487462662883490033e-04,2.487476572892375324e-04
1.850000000000000000e+01,2.486035289151187523e-04,2.486049181576810495e-04
1.860000000000000142e+01,2.484608695239368375e-04,2.484622570103718273e-04
1.869999999999999929e+01,2.483182880769653077e-04,2.483196738094699632e-04
1.880000000000000071e+01,2.481757845363782465e-04,2.481771685171477518e-04
1.890000000000000213e+01,2.480333588643629647e-04,2.480347410955901187e-04
1.900000000000000000e+01,2.478910110231178862e-04,2.478923915069940784e-04
1.910000000000000142e+01,2.477487409748554211e-04,2.477501197135691677e-04
1.920000000000000284e+01,2.476065486817989299e-04,2.476079256775373921e-04
1.930000000000000071e+01,2.474644341061842958e-04,2.474658093611330082e-04
1.940000000000000213e+01,2.473223972102612796e-04,2.473237707266026869e-04
1.950000000000000000e+01,2.471804379562897794e-04,2.471818097362055134e-04
1.960000000000000142e+01,2.470385563065442759e-04,2.470399263522130950e-04
1.970000000000000284e+01,2.468967522233104172e-04,2.468981205369093993e-04
1.980000000000000071e+01,2.467550256688868615e-04,2.467563922525905910e-04
1.990000000000000213e+01,2.466133766055837056e-04,2.466147414615655741e-04
2.000000000000000000e+01,2.464718049957247072e-04,2.464731681261555043e-04
