t,a_c,a_m,P00,P11,P01,call,chi2,dof
1.0,0.9984670369445645,1.0,0.0024516551690346032,7.890711127294303e-05,-0.00032982775792515215,HEALTHY,,
2.0,1.0,1.0,0.0023848850916076384,4.7480912631954484e-05,-0.00032492976451108677,HEALTHY,,
3.0,1.0,0.999830876908001,0.0023223533334555523,4.550547597272979e-05,-0.0003165239047062273,HEALTHY,,
4.0,1.0,0.9997402459441647,0.0022631631117256343,4.4332089098394686e-05,-0.0003085397096316408,HEALTHY,,
5.0,1.0,1.0,0.002207142351965087,4.327763716991629e-05,-0.0003008983447713454,HEALTHY,,
6.0,1.0,0.9799476255714301,0.0018269756987338362,3.619426635372841e-05,-0.0002490115073084541,MEMBRANE,,
7.0,1.0,1.0,0.0017908823371444752,3.547274852929567e-05,-0.00024390440287949943,HEALTHY,,
8.0,0.9994164399941502,1.0,0.0017569818370278194,3.4883052314849695e-05,-0.00023943154779828183,HEALTHY,,
9.0,1.0,0.982937935139552,0.0015083215342306584,3.0255172508790558e-05,-0.00020550921115097546,MEMBRANE,,
10.0,0.9997725477505889,1.0,0.001484975492506916,2.9773085598694817e-05,-0.00020214913855454904,HEALTHY,,
11.0,0.9991073488108853,1.0,0.001462727954125956,2.941001400676363e-05,-0.00019930069079255978,HEALTHY,,
12.0,1.0,0.9868790032769401,0.0012871211635800076,2.6145710292693777e-05,-0.00017535902095431197,HEALTHY,,
13.0,1.0,1.0,0.0012712874119348444,2.5792126124743234e-05,-0.0001729834049290556,HEALTHY,,
14.0,0.9997468050196221,1.0,0.0012578843980856048,2.5726654131759898e-05,-0.00017126047338224306,HEALTHY,,
15.0,1.0,0.9868144030073323,0.0011313365043009388,2.5137718674341e-05,-0.00015029524225707312,MEMBRANE,,
16.0,0.9931281888527078,0.9944997645118527,0.0011005897159939528,1.890424379591262e-05,-0.0001363850169625371,HEALTHY,,
17.0,0.9943159047608289,0.9915328518124159,0.0010827240935030675,1.7910927220337927e-05,-0.00013208078465385458,HEALTHY,,
18.0,0.9997429803718324,0.9767105085762164,0.0009526355594599378,1.572867657706919e-05,-0.00011527607980128887,MEMBRANE,,
19.0,0.9988834414023112,0.9787240240034429,0.0009405607590982336,1.5229267189003542e-05,-0.0001124902606056931,MEMBRANE,,
20.0,1.0,0.97284891851061,0.0009305813104250519,1.5059777034832546e-05,-0.00011063241571162175,MEMBRANE,,
21.0,1.0,0.9639436600290904,0.0008426910675743792,1.7272156622752392e-05,-0.00010130793290188947,MEMBRANE,,
22.0,0.9998635882180807,0.9722603399718408,0.0008296723718231026,1.6257934576822863e-05,-0.00010673398725291939,MEMBRANE,,
23.0,0.9999594812205359,0.9707008761056372,0.0008240376503719448,1.642177343471906e-05,-0.00010793911731625649,MEMBRANE,,
24.0,1.0,0.9607011516861849,0.0007674139260428274,1.553243500747463e-05,-0.00010094886774041095,MEMBRANE,,
25.0,0.9979697218101864,0.958774316740618,0.0007643273904236218,1.5363276077294545e-05,-0.00010011906957665724,MEMBRANE,,
26.0,0.9987505643562401,0.9551774937785235,0.0007613007699115245,1.5178073284728806e-05,-9.921861745273061e-05,MEMBRANE,,
27.0,1.0,0.9429004588986664,0.0007133700802624373,1.423480276284263e-05,-9.248013113077065e-05,MEMBRANE,,
28.0,1.0,0.941630378708712,0.0007112404992844216,1.4000283680551802e-05,-9.144042818965243e-05,MEMBRANE,,
29.0,0.9996446136921706,0.9381038252364952,0.0007091601604674675,1.3854026375906064e-05,-9.073978385314754e-05,MEMBRANE,,
30.0,1.0,0.9284108841407761,0.0006679221324024144,1.308936746447274e-05,-8.51146833071236e-05,MEMBRANE,,
31.0,0.9993144877206225,0.9253569612582477,0.0006665358231561789,1.2870126671149793e-05,-8.416937415273672e-05,MEMBRANE,,
32.0,0.9988292147073079,0.922152837522307,0.0006651757205678346,1.2750993864925486e-05,-8.361165388143473e-05,MEMBRANE,,
33.0,1.0,0.9131479412404193,0.0006291592875803153,1.2087973053014863e-05,-7.871325621493118e-05,MEMBRANE,,
34.0,0.9991133238407669,0.9095332004265239,0.0006288531780322593,1.206438282265178e-05,-7.798775083060836e-05,MEMBRANE,,
35.0,0.9999945876623368,0.9061241910617996,0.0006301083936249151,1.4315770275363852e-05,-7.601844788728656e-05,MEMBRANE,,
36.0,0.9999997425194657,0.8830434682957748,0.000592092533907494,9.25690237104858e-06,-6.561451177376258e-05,MEMBRANE,,
37.0,0.9997742956272411,0.8778265680987918,0.000589444648098053,8.625092359822486e-06,-6.350978426648422e-05,MEMBRANE,,
38.0,1.0,0.8756194019343594,0.0005872798867430774,8.435131423262582e-06,-6.259472659232533e-05,MEMBRANE,,
39.0,0.9999923170593307,0.8638687998425756,0.000549465794249258,7.900322501414954e-06,-5.80803193659912e-05,MEMBRANE,,
40.0,0.9989943994858344,0.8619127342334323,0.0005486406142361208,7.90738805723997e-06,-5.7449168661992655e-05,MEMBRANE,,
41.0,0.9996040527634226,0.8626202636019856,0.0005509780979668111,1.1241971407258571e-05,-5.8337152012513594e-05,MEMBRANE,,
42.0,1.0,0.8595188716741893,0.0005162756126008371,9.210896233916962e-06,-5.883907547546363e-05,MEMBRANE,,
43.0,0.9989467367215402,0.8599284832440214,0.0005166839974707541,9.157474642869806e-06,-5.9687519009394964e-05,MEMBRANE,,
44.0,1.0,0.85811873902402,0.0005173579016889915,9.175903576524276e-06,-5.993510608554928e-05,MEMBRANE,,
45.0,1.0,0.8486837642666698,0.0004967782866673666,8.871109151949784e-06,-5.744542716310721e-05,MEMBRANE,,
46.0,1.0,0.845570270719422,0.0004977874747569028,8.793252786141964e-06,-5.717261809608078e-05,MEMBRANE,,
47.0,1.0,0.8401685277309717,0.0004987810212705402,8.732450506524725e-06,-5.696847914894382e-05,MEMBRANE,,
48.0,1.0,0.8327305167435451,0.00047992334747933675,8.403136949711243e-06,-5.445330833848897e-05,MEMBRANE,,
49.0,0.9999506507403988,0.8302346121845563,0.00048113078768262667,8.32584618879236e-06,-5.418458175401075e-05,MEMBRANE,,
50.0,1.0,0.826800880548108,0.0004823161026263063,8.282856656491986e-06,-5.4062451495640366e-05,MEMBRANE,,
51.0,0.9998767219968411,0.8182119993267924,0.0004648881692299127,7.990051093283468e-06,-5.1782299522226845e-05,MEMBRANE,,
52.0,0.9998144677802936,0.8156305680033574,0.0004662665052879625,7.927367609478152e-06,-5.158131532268223e-05,MEMBRANE,,
53.0,0.9996440099360683,0.8119453921132377,0.0004676227678004511,7.881221745485385e-06,-5.14500412790356e-05,MEMBRANE,,
54.0,1.0,0.8028449820172092,0.00045170117558256573,7.781151859553448e-06,-4.942537812042962e-05,MEMBRANE,,
55.0,0.999996594221336,0.7984611820924048,0.00045448025871658375,1.0233323158457932e-05,-4.823705148236684e-05,MEMBRANE,,
56.0,0.999707141933534,0.7864729129040591,0.00045314253875349545,6.289458887840869e-06,-4.424195723133928e-05,MEMBRANE,,
57.0,1.0,0.7803134835493155,0.00045337207440108144,5.88534691493743e-06,-4.31977738669409e-05,MEMBRANE,,
58.0,0.9997028964158569,0.7753872090537772,0.00045370009088171987,5.7631564884077e-06,-4.2666102193149065e-05,MEMBRANE,,
59.0,1.0,0.7698521412261811,0.00045403102992106685,5.7008901757347074e-06,-4.236097496104021e-05,MEMBRANE,,
60.0,1.0,0.7628529471056917,0.0004329373517090166,5.597282219581888e-06,-4.012261907407133e-05,MEMBRANE,,
