case_id,mode,true_h,active,set,H2_shortfall_mol_mean,H2_shortfall_mol_std,H2_shortfall_mol_min,H2_shortfall_mol_max,actual_ethanol_mol_mean,actual_ethanol_mol_std,actual_ethanol_mol_min,actual_ethanol_mol_max,commanded_ethanol_mol_mean,commanded_ethanol_mol_std,commanded_ethanol_mol_min,commanded_ethanol_mol_max,H2_produced_mol_mean,H2_produced_mol_std,H2_produced_mol_min,H2_produced_mol_max
m1_C_d05_r1,1,C,False,S1,0.0002461505345855467,2.054786349127524e-05,0.0002424031496627,0.0003742108682436,0.06649449999999989,0.00028142307820956853,0.0650999999999999,0.0665999999999999,0.06649449999999989,0.00028142307820956853,0.0650999999999999,0.0665999999999999,0.006851179539339978,3.536408363797471e-05,0.0066737631317563,0.0068643036524149
m1_C_d05_r1,1,C,False,S3,0.00024727089716245696,2.393696519916072e-05,0.0001798212003677,0.0003742108682436,0.0664822499999999,0.0003115196333812401,0.0650999999999999,0.0673499999999999,0.0664822499999999,0.0003115196333812401,0.0650999999999999,0.0673499999999999,0.0068496240797793605,3.9245673022415584e-05,0.0066737631317563,0.0069622337771416
m1_C_d05_r1,1,C,False,S4,0.0002253569689343777,3.0396896078582912e-05,0.0001798212003677,0.0003742108682436,0.0667139999999999,0.00041024053590216816,0.0650999999999999,0.0673499999999999,0.0667139999999999,0.00041024053590216816,0.0650999999999999,0.0673499999999999,0.006879920279389623,5.2696422427348985e-05,0.0066737631317563,0.0069622337771416
m1_C_d05_r1,1,C,True,S1,0.00011100290154014631,1.5364756281761216e-05,0.0001089002622537,0.0002396756396489,0.06983149999999991,0.00023476128910632376,0.0683999999999999,0.0698999999999999,0.06983149999999991,0.00023476128910632376,0.0683999999999999,0.0698999999999999,0.007267141954049463,2.9302078712287476e-05,0.0070853868010469,0.0072756291478451
m1_C_d05_r1,1,C,True,S3,0.00011379700038671011,2.4895293893113738e-05,0.0001089002622537,0.0003022598258022,0.0698014999999999,0.0003296307121710707,0.0668999999999999,0.0698999999999999,0.0698014999999999,0.0003296307121710707,0.0668999999999999,0.0698999999999999,0.007263322185073126,4.150344842129063e-05,0.0068986533261415,0.0072756291478451
m1_C_d05_r1,1,C,True,S4,0.000110018309594114,9.260895902052929e-06,0.0001089002622537,0.0002396756396489,0.0694999999999999,0.00044081665045608235,0.0683999999999999,0.0698999999999999,0.0694999999999999,0.00044081665045608235,0.0683999999999999,0.0698999999999999,0.007227766494056642,5.297400579986729e-05,0.0070853868010469,0.0072756291478451
m1_F_d05_r1,1,F,False,S1,0.0002464742602028287,2.103279408291029e-05,0.0001742292804877,0.0004008987162654,0.063725836881664,0.0002243239793036625,0.0623018001076522,0.0644378650411169,0.06660374999999989,0.00023686397371074376,0.0650999999999999,0.0673499999999999,0.00684588937638484,3.086329822726253e-05,0.0066470752837345,0.0069472705425785
m1_F_d05_r1,1,F,False,S3,0.0002448587851735559,2.2923009095525284e-05,0.0001741517177886,0.0004008987162654,0.06373636775459962,0.00023930141317142302,0.0623018001076522,0.0651498866856052,0.0666147499999999,0.0002523065518295063,0.0650999999999999,0.0680999999999999,0.00684744627728079,3.317869189571033e-05,0.0066470752837345,0.0070411702616894
m1_F_d05_r1,1,F,False,S4,0.00023306699467396449,3.306137878763423e-05,0.0001741517177886,0.0004008987162654,0.06384519363866317,0.00034273444480921347,0.0623018001076522,0.0651498866856052,0.06672874999999989,0.00036002160081452506,0.0650999999999999,0.0680999999999999,0.006863021037754877,4.825486367707112e-05,0.0066470752837345,0.0070411702616894
m1_F_d05_r1,1,F,True,S1,0.0001031389201266873,2.0211257301856006e-05,0.000100417945027,0.0002564601451133,0.0668380492600658,0.0002152042243612219,0.065452719220703,0.0668803255698065,0.0698554999999999,0.00022681753943687107,0.0683999999999999,0.0698999999999999,0.007266388115816235,2.9459583906321356e-05,0.0070738592452485,0.007273566260916
m1_F_d05_r1,1,F,True,S3,0.0001029605790440281,1.9610285553157526e-05,0.000100417945027,0.0002564601451133,0.06677959202722158,0.0002819459867651347,0.065452719220703,0.067353818979423,0.0697942499999999,0.00029638198288657537,0.0683999999999999,0.0703999999999999,0.007258863834710511,3.7562767131400575e-05,0.0070738592452485,0.0073341406836014
m1_F_d05_r1,1,F,True,S4,0.00010165083897554899,1.3129841775151264e-05,0.000100417945027,0.0002564601451133,0.06662967871473792,0.00036019075546131496,0.065452719220703,0.067353818979423,0.06963724999999991,0.00037787925350597236,0.0683999999999999,0.0703999999999999,0.0072396527210260705,4.693617436067146e-05,0.0070738592452485,0.0073341406836014
m1_H,1,H,False,S1,9.01835368993474e-09,1.7456054509475266e-09,7.404794453813687e-09,1.0904922948704553e-08,0.06536949999999989,0.00024936305245952284,0.0650999999999999,0.0655999999999999,0.06536949999999989,0.00024936305245952284,0.0650999999999999,0.0655999999999999,0.007084003878535426,3.334782848321276e-05,0.007047963095077,0.0071148291126251
m1_H,1,H,False,S3,9.000853047460439e-09,1.744147120480517e-09,7.404794453813687e-09,1.0904922948653054e-08,0.06537249999999989,0.00025011258726083136,0.0650999999999999,0.0660999999999999,0.06537249999999989,0.00025011258726083136,0.0650999999999999,0.0660999999999999,0.007084402906032273,3.3441820891676425e-05,0.007047963095077,0.0071795265217316
m1_H,1,H,False,S4,9.119857416285028e-09,1.7505897133518357e-09,7.404794453813687e-09,1.0904922948704553e-08,0.06535549999999989,0.00025106330433335685,0.0650999999999999,0.0660999999999999,0.06535549999999989,0.00025106330433335685,0.0650999999999999,0.0660999999999999,0.0070821294614356375,3.356883885568082e-05,0.007047963095077,0.0071795265217316
m1_H,1,H,True,S1,5.142575595160124e-09,1.6865668546117353e-09,3.5353056656388356e-09,8.652580814073319e-09,0.06865699999999995,0.0002674369505557298,0.0668999999999999,0.0689,0.06865699999999995,0.0002674369505557298,0.0668999999999999,0.0689,0.007500456611661186,3.550569574390102e-05,0.0072763123528763,0.0075328708108539
m1_H,1,H,True,S3,5.123865292702001e-09,1.6776274127422162e-09,3.5353056656388356e-09,6.893782678457367e-09,0.06866349999999996,0.00024976014519965885,0.0683999999999999,0.0689,0.06866349999999996,0.00024976014519965885,0.0683999999999999,0.0689,0.0075012930476338925,3.334827368671456e-05,0.0074661102120801,0.0075328708108539
m1_H,1,H,True,S4,5.223019924209354e-09,1.6827364555991604e-09,3.5353056656388356e-09,8.652580814073319e-09,0.06864749999999994,0.0002560455219474354,0.0668999999999999,0.0689,0.06864749999999994,0.0002560455219474354,0.0668999999999999,0.0689,0.0074991671924102485,3.41174163167075e-05,0.0072763123528763,0.0075328708108539
m1_M_d05_r1,1,M,False,S1,0.0002473081314952326,3.0617487651906474e-05,0.0001647041503471,0.0004572897986191,0.0675272499999999,0.0004419731640923213,0.0650999999999999,0.0688499999999999,0.0675272499999999,0.0004419731640923213,0.0650999999999999,0.0688499999999999,0.0068670083776523035,5.048334809600591e-05,0.0065906842013808,0.0070227137301196
m1_M_d05_r1,1,M,False,S3,0.0002282160065018945,5.0413918234238516e-05,0.0001647041503471,0.0004572897986191,0.0678094999999999,0.000715626908292215,0.0650999999999999,0.0688499999999999,0.0678094999999999,0.000715626908292215,0.0650999999999999,0.0688499999999999,0.006900668220671532,8.333576961408213e-05,0.0065906842013808,0.0070227137301196
m1_M_d05_r1,1,M,False,S4,0.000232647894784499,4.5040049566676666e-05,0.0001647041503471,0.0004572897986191,0.0677429999999999,0.0006507491640213419,0.0650999999999999,0.0688499999999999,0.0677429999999999,0.0006507491640213419,0.0650999999999999,0.0688499999999999,0.006892682386304021,7.573974533295233e-05,0.0065906842013808,0.0070227137301196
m1_M_d05_r1,1,M,True,S1,8.54531450113457e-05,1.601244708377695e-05,8.411111709951868e-05,0.0002914244016414,0.0705612499999999,0.0003206068093884214,0.0683999999999999,0.0708999999999999,0.0705612499999999,0.0003206068093884214,0.0683999999999999,0.0708999999999999,0.007227213633771735,3.507906980169933e-05,0.0069807393226096,0.0072637238920199
m1_M_d05_r1,1,M,True,S3,8.526230916260789e-05,1.4624114683830765e-05,8.411111709951868e-05,0.0002914244016414,0.07051949999999989,0.00031395591779470616,0.0683999999999999,0.0708999999999999,0.07051949999999989,0.00031395591779470616,0.0683999999999999,0.0708999999999999,0.007222731919929572,3.427450143047142e-05,0.0069807393226096,0.0072637238920199
m1_M_d05_r1,1,M,True,S4,8.42250263296463e-05,2.6210518255466645e-07,8.411111709951868e-05,8.482752735198003e-05,0.0705329999999999,0.0002741097155084688,0.0698999999999999,0.0708999999999999,0.0705329999999999,0.0002741097155084688,0.0698999999999999,0.0708999999999999,0.0072242562442147405,2.9503291437573322e-05,0.0071561206343847,0.0072637238920199
m1_S_d05_r0,1,S,False,S1,7.49753906463443e-09,5.70606605637907e-10,5.645935913739876e-09,1.0904922948704553e-08,0.06610849999999989,0.00021147688401447582,0.0650999999999999,0.0665999999999999,0.06610849999999989,0.00021147688401447582,0.0650999999999999,0.0665999999999999,0.00718042447093869,2.7317276935699578e-05,0.007047963095077,0.0072470410790011
m1_S_d05_r0,1,S,False,S3,7.513263259983141e-09,6.366269144683375e-10,5.645935913739876e-09,1.0904922948704553e-08,0.0661059999999999,0.0002291648239074139,0.0650999999999999,0.0665999999999999,0.0661059999999999,0.0002291648239074139,0.0650999999999999,0.0665999999999999,0.007180088071031685,2.9665912343726447e-05,0.007047963095077,0.0072470410790011
m1_S_d05_r0,1,S,False,S4,7.546540863562026e-09,6.969750293768544e-10,5.645935913739876e-09,1.0904922948653054e-08,0.06609349999999989,0.0002413835454541565,0.0650999999999999,0.0665999999999999,0.06609349999999989,0.0002413835454541565,0.0650999999999999,0.0665999999999999,0.007178457364474969,3.131479643318811e-05,0.007047963095077,0.0072470410790011
m1_S_d05_r0,1,S,True,S1,3.7185813417250657e-09,7.807352183372842e-10,3.5353056656388356e-09,8.652580814073319e-09,0.06940574999999992,0.0003311179194434734,0.0668999999999999,0.0698999999999999,0.06940574999999992,0.0003311179194434734,0.0668999999999999,0.0698999999999999,0.007597861709686832,4.251345832133496e-05,0.0072763123528763,0.0076599747937927
m1_S_d05_r0,1,S,True,S3,3.9346377053543455e-09,1.1558640653204556e-09,3.5353056656388356e-09,8.652580814073319e-09,0.0692979999999999,0.00045859165529510697,0.0668999999999999,0.0698999999999999,0.0692979999999999,0.00045859165529510697,0.0668999999999999,0.0698999999999999,0.0075839861954004936,5.92446577953164e-05,0.0072763123528763,0.0076599747937927
m1_S_d05_r0,1,S,True,S4,6.052336736772567e-09,1.9038415398668336e-09,3.5353056656388356e-09,8.652580814073319e-09,0.0684944999999999,0.0008503192299323792,0.0668999999999999,0.0698999999999999,0.0684944999999999,0.0008503192299323792,0.0668999999999999,0.0698999999999999,0.007479687191836336,0.00010936196384973733,0.0072763123528763,0.0076599747937927
m2_C_d05_r1,2,C,False,S1,0.0002996105873803506,2.4456586517422108e-05,0.0002954617685707,0.0004436338692722,0.056772,0.00016505527329729178,0.0558,0.0568,0.056772,0.00016505527329729178,0.0558,0.0568,0.008317042802882462,3.276103867820643e-05,0.0081241151307277,0.0083226003901359
m2_C_d05_r1,2,C,False,S3,0.00030175992140980655,3.0177357498184372e-05,0.0002222142875042,0.0004436338692722,0.0567575,0.00020367924596098293,0.0558,0.0573,0.0567575,0.00020367924596098293,0.0558,0.0573,0.008314168823437485,4.043834612290525e-05,0.0081241151307277,0.0084258998362826
m2_C_d05_r1,2,C,False,S4,0.00029146031492875967,2.9474188039567264e-05,0.0002206989487463,0.0004436338692722,0.056842500000000004,0.00040817932377860093,0.0558,0.0647999999999999,0.056842500000000004,0.00040817932377860093,0.0558,0.0647999999999999,0.008330986033052063,7.359203986290186e-05,0.0081241151307277,0.0097049638293627
m2_C_d05_r1,2,C,True,S1,0.00014053042328695197,2.516466197977417e-05,0.0001366530245367,0.0003561962618661,0.060043999999999896,0.00034710875022747557,0.0575999999999999,0.0665999999999999,0.060043999999999896,0.00034710875022747557,0.0575999999999999,0.0665999999999999,0.008957079811447933,6.424928023760698e-05,0.0084773004517746,0.0100556364502748
m2_C_d05_r1,2,C,True,S3,0.00014206627980938879,2.820650759789193e-05,0.0001366530245367,0.0003561962618661,0.0600459999999999,0.00024216243028726467,0.0575999999999999,0.0600999999999999,0.0600459999999999,0.00024216243028726467,0.0575999999999999,0.0600999999999999,0.008957525492136832,4.737344568634943e-05,0.0084773004517746,0.0089680818105478
m2_C_d05_r1,2,C,True,S4,0.00013928640801800997,1.9460359289347643e-05,0.0001366530245367,0.0002829521068317,0.0599014999999999,0.00045613134709839964,0.0590999999999999,0.0665999999999999,0.0599014999999999,0.00045613134709839964,0.0590999999999999,0.0665999999999999,0.008930176614467381,8.468236358062932e-05,0.0087700548634605,0.0100556364502748
m2_H,2,H,False,S1,0.0,0.0,0.0,0.0,0.05639400000000001,0.0004913302406787168,0.0558,0.0568,0.05639400000000001,0.0004913302406787168,0.0558,0.0568,0.00869120544825176,0.00010210527062943448,0.008567763970947,0.0087755779058035
m2_H,2,H,False,S3,0.0,0.0,0.0,0.0,0.05638,0.0004938054716625202,0.0558,0.0568,0.05638,0.0004938054716625202,0.0558,0.0568,0.00868829605316377,0.0001026196581198577,0.008567763970947,0.0087755779058035
m2_H,2,H,False,S4,0.0,0.0,0.0,0.0,0.056396,0.000490942995698101,0.0558,0.0568,0.056396,0.000490942995698101,0.0558,0.0568,0.008691621076121474,0.00010202479572625969,0.008567763970947,0.0087755779058035
m2_H,2,H,True,S1,0.0,0.0,0.0,0.0,0.05961249999999995,0.0005185196357058835,0.0575999999999999,0.0600999999999999,0.05961249999999995,0.0005185196357058835,0.0575999999999999,0.0600999999999999,0.009348842057088073,0.00010740651246058201,0.0089364815271587,0.0094498876775296
m2_H,2,H,True,S3,0.0,0.0,0.0,0.0,0.05961699999999995,0.0004999609594367444,0.0591,0.0600999999999999,0.05961699999999995,0.0004999609594367444,0.0591,0.0600999999999999,0.009349750501066208,0.00010365357933732898,0.0092425643308145,0.0094498876775296
m2_H,2,H,True,S4,0.0,0.0,0.0,0.0,0.05962349999999994,0.0005034393719219328,0.0575999999999999,0.0600999999999999,0.05962349999999994,0.0005034393719219328,0.0575999999999999,0.0600999999999999,0.009351103005036271,0.00010435512527877756,0.0089364815271587,0.0094498876775296
m2_M_d05_r1,2,M,False,S1,0.00021374075348001278,4.456249183085616e-05,0.0002024403532474,0.0005531064571036,0.058693999999999996,0.00040115449009692656,0.0558,0.0588,0.058693999999999996,0.00040115449009692656,0.0558,0.0588,0.008553700023046855,7.60109220548031e-05,0.0080146425428963,0.0085740018441289
m2_M_d05_r1,2,M,False,S3,0.0002340879481620808,5.56816334042063e-05,0.0002024403532474,0.000553106457061,0.058494,0.0005221461832060413,0.0558,0.0588,0.058494,0.0005221461832060413,0.0558,0.0588,0.008514913897963633,0.00010007867200764883,0.0080146425429389,0.0085740018441289
m2_M_d05_r1,2,M,False,S4,0.0002682445164542638,5.704893753795243e-05,0.0002024403532474,0.000553106457061,0.058159,0.000538896473740003,0.0558,0.0588,0.058159,0.000538896473740003,0.0558,0.0588,0.008449984157723129,0.00010349940033408804,0.0080146425429389,0.0085740018441289
m2_M_d05_r1,2,M,True,S1,0.000106481692079615,2.4454929576068654e-05,0.0001040251083941,0.0003496834769456,0.0605849999999999,0.00014932279563848884,0.0591,0.0605999999999999,0.0605849999999999,0.00014932279563848884,0.0591,0.0605999999999999,0.008916533394284172,2.7449236147880074e-05,0.0086435535354133,0.008919290766596
m2_M_d05_r1,2,M,True,S3,0.000105499058605409,1.8980936514351746e-05,0.0001040251083941,0.0003496834769456,0.060590999999999895,0.00011589837113795208,0.0591,0.0605999999999999,0.060590999999999895,0.00011589837113795208,0.0591,0.0605999999999999,0.008917636343208905,2.1304997304110495e-05,0.0086435535354133,0.008919290766596
m2_M_d05_r1,2,M,True,S4,0.000104516425131203,1.098067626304526e-05,0.0001040251083941,0.0003496834769456,0.060596999999999894,6.704845632447434e-05,0.0591,0.0605999999999999,0.060596999999999894,6.704845632447434e-05,0.0591,0.0605999999999999,0.008918739292133635,1.2325170467990845e-05,0.0086435535354133,0.008919290766596
m2_S_d05_r0,2,S,False,S1,0.0,0.0,0.0,0.0,0.056785,0.00012763734285580828,0.0558,0.0573,0.056785,0.00012763734285580828,0.0558,0.0573,0.00877246870577479,2.655774956414675e-05,0.008567763970947,0.0088834893703008
m2_S_d05_r0,2,S,False,S3,0.0,0.0,0.0,0.0,0.056767500000000005,0.0001836504219365629,0.0558,0.0573,0.056767500000000005,0.0001836504219365629,0.0558,0.0573,0.008768835966411872,3.8200597680022885e-05,0.008567763970947,0.0088834893703008
m2_S_d05_r0,2,S,False,S4,0.0,0.0,0.0,0.0,0.0567655,0.00018464518364648318,0.0558,0.0573,0.0567655,0.00018464518364648318,0.0558,0.0573,0.008768412329548019,3.838365288928235e-05,0.008567763970947,0.0088834893703008
m2_S_d05_r0,2,S,True,S1,0.0,0.0,0.0,0.0,0.057629999999999904,0.00021010507881569852,0.0575999999999999,0.0591,0.057629999999999904,0.00021010507881569852,0.0575999999999999,0.0591,0.008942603183231815,4.287303439081804e-05,0.0089364815271587,0.0092425643308145
m2_S_d05_r0,2,S,True,S3,0.0,0.0,0.0,0.0,0.05775349999999991,0.00048417163503472,0.0575999999999999,0.0600999999999999,0.05775349999999991,0.00048417163503472,0.0575999999999999,0.0600999999999999,0.008967839950319866,9.89725762097306e-05,0.0089364815271587,0.0094498876775296
m2_S_d05_r0,2,S,True,S4,0.0,0.0,0.0,0.0,0.057942499999999925,0.0006628598140883024,0.0575999999999999,0.0600999999999999,0.057942499999999925,0.0006628598140883024,0.0575999999999999,0.0600999999999999,0.009006425992446167,0.00013544154682398256,0.0089364815271587,0.0094498876775296
