case_id,set,H2_shortfall_mol_difference_mean,H2_shortfall_mol_difference_std,H2_shortfall_mol_difference_min,H2_shortfall_mol_difference_max,actual_ethanol_mol_difference_mean,actual_ethanol_mol_difference_std,actual_ethanol_mol_difference_min,actual_ethanol_mol_difference_max,commanded_ethanol_mol_difference_mean,commanded_ethanol_mol_difference_std,commanded_ethanol_mol_difference_min,commanded_ethanol_mol_difference_max,H2_produced_mol_difference_mean,H2_produced_mol_difference_std,H2_produced_mol_difference_min,H2_produced_mol_difference_max
m1_C_d05_r1,S1,-0.0001351476330454004,1.5793670116165506e-05,-0.0002653106059899,-6.052451036599985e-06,0.0033370000000000114,0.0001779400535648531,0.0023000000000000104,0.004800000000000013,0.0033370000000000114,0.0001779400535648531,0.0023000000000000104,0.004800000000000013,0.0004159624147094843,2.2349980977680576e-05,0.00028255814921459947,0.0006018660160887999
m1_C_d05_r1,S3,-0.0001334738967757469,1.7086089144203164e-05,-0.000262256853163,0.00012243862543449998,0.0033192500000000114,0.00023290810136979723,-0.0004499999999999921,0.004300000000000012,0.0033192500000000114,0.00023290810136979723,-0.0004499999999999921,0.004300000000000012,0.0004136981052937659,2.928717879618391e-05,-6.358045100009983e-05,0.0005404878468315997
m1_C_d05_r1,S4,-0.00011533865934026369,2.937151083660011e-05,-0.0002653106059899,5.9854439281199984e-05,0.0027860000000000107,0.0006805454739708016,0.0010500000000000093,0.004050000000000012,0.0027860000000000107,0.0006805454739708016,0.0010500000000000093,0.004050000000000012,0.00034784621466701964,8.455497104171727e-05,0.0001231530239052996,0.0005130621002342999
m1_F_d05_r1,S1,-0.00014333534007614142,2.2243982996819347e-05,-0.00030048077123839996,8.223086462559999e-05,0.0031122123784018017,0.0002502588553044603,0.0010219802998402,0.004578525462154301,0.003251750000000011,0.0002639680219583741,0.0010500000000000093,0.004800000000000013,0.000420498739431395,3.4147762779906475e-05,0.0001265887026700007,0.0006264909771815002
m1_F_d05_r1,S3,-0.00014189820612952784,2.047298689617034e-05,-0.00030048077123839996,8.223086462559999e-05,0.003043224272621956,0.0003184044531252259,0.0010219802998402,0.003862940757538999,0.0031795000000000113,0.00033442725904386415,0.0010500000000000093,0.004050000000000012,0.0004114175574297206,4.270114015317478e-05,0.0001265887026700007,0.0005326909796941996
m1_F_d05_r1,S4,-0.00013141615569841554,2.990691590006686e-05,-0.00030048077123839996,-7.373377276160001e-05,0.0027844850760747465,0.0005702548050030734,0.0017268758240742005,0.004578525462154301,0.002908500000000011,0.0005978797623353805,0.00180000000000001,0.004800000000000013,0.0003766316832711936,7.699142607719818e-05,0.00023239599922659972,0.0006250271308087998
m1_H,S1,-3.875778094774615e-09,4.947027293314231e-10,-7.369617283014218e-09,-5.110117753563201e-10,0.003287500000000062,0.00010772815488699709,0.00180000000000001,0.003800000000000109,0.003287500000000062,0.00010772815488699709,0.00180000000000001,0.003800000000000109,0.0004164527331257601,1.3956806234688074e-05,0.00022834925779930022,0.0004849077157769001
m1_H,S3,-3.8769877547584375e-09,4.738960893261309e-10,-7.369617283014218e-09,-5.110117753563201e-10,0.0032910000000000625,7.017067709467295e-05,0.002800000000000011,0.003800000000000109,0.0032910000000000625,7.017067709467295e-05,0.002800000000000011,0.003800000000000109,0.00041689014160161975,9.362106481136093e-06,0.00035128109945499995,0.0004849077157769001
m1_H,S4,-3.896837492075674e-09,4.912368092808274e-10,-7.369617283014218e-09,-5.110117753563201e-10,0.0032920000000000596,8.62753930355841e-05,0.00180000000000001,0.003800000000000109,0.0032920000000000596,8.62753930355841e-05,0.00180000000000001,0.003800000000000109,0.0004170377309746112,1.1335378472295905e-05,0.00022834925779930022,0.0004849077157769001
m1_M_d05_r1,S1,-0.0001618549864838869,3.370604296269814e-05,-0.0003731786815195813,0.00012591132572980002,0.003033999999999999,0.000453127271662525,0.0003000000000000086,0.0058,0.003033999999999999,0.000453127271662525,0.0003000000000000086,0.0058,0.0003602052561194317,5.188347300483422e-05,3.884139780130011e-05,0.0006730396906391
m1_M_d05_r1,S3,-0.0001429536973392866,4.773210333124144e-05,-0.0003731786815195813,-7.98766229952075e-05,0.002709999999999999,0.0006596097975963402,0.0010500000000000093,0.005549999999999999,0.002709999999999999,0.0006596097975963402,0.0010500000000000093,0.005549999999999999,0.00032206369925803937,7.731876129658513e-05,0.00013340690426510027,0.0006461640559976998
m1_M_d05_r1,S4,-0.0001484228684548527,4.5018053325015215e-05,-0.0003731786815195813,-8.059303324758133e-05,0.002789999999999999,0.0006195028521191676,0.001799999999999996,0.005549999999999999,0.002789999999999999,0.0006195028521191676,0.001799999999999996,0.005549999999999999,0.0003315738579107197,7.247383159745635e-05,0.0002141345272589001,0.0006461640559976998
m1_S_d05_r0,S1,-3.778957722909364e-09,7.846430192095686e-10,-7.3696172830657166e-09,1.2478467647174909e-09,0.003297250000000011,0.0003315340892764309,0.000800000000000009,0.004300000000000012,0.003297250000000011,0.0003315340892764309,0.000800000000000009,0.004300000000000012,0.00041743723874814126,4.2494442373454305e-05,9.678583114470021e-05,0.0005495024197787
m1_S_d05_r0,S3,-3.5786255546287967e-09,1.0470792171059665e-09,-7.369617283014218e-09,1.2478467647174909e-09,0.0031920000000000112,0.0004483715390577744,0.0003000000000000086,0.004300000000000012,0.0031920000000000112,0.0004483715390577744,0.0003000000000000086,0.004300000000000012,0.00040389812436880825,5.771896386145808e-05,3.4176585866200516e-05,0.0005495024197787
m1_S_d05_r0,S4,-1.4942041267894598e-09,1.887722186321484e-09,-4.011140270195687e-09,1.2478467647174909e-09,0.0024010000000000103,0.0008532449982431937,0.0003000000000000086,0.0038000000000000117,0.0024010000000000103,0.0008532449982431937,0.0003000000000000086,0.0038000000000000117,0.00030122982736136716,0.00010963597215169313,3.4176585866200516e-05,0.00048044827206109985
m2_C_d05_r1,S1,-0.0001590801640933986,1.988749271840118e-05,-0.00030698084473549997,6.073449329540003e-05,0.0032719999999998957,0.00029120577054859254,0.000799999999999898,0.009799999999999892,0.0032719999999998957,0.00029120577054859254,0.000799999999999898,0.009799999999999892,0.0006400370085654717,5.2577343708009585e-05,0.00015470006163870002,0.0017330360601388994
m2_C_d05_r1,S3,-0.0001596936416004178,1.299009812869103e-05,-0.00030698084473549997,-8.556126296750002e-05,0.003288499999999897,0.00013279828833755828,0.001799999999999899,0.004299999999999894,0.003288499999999897,0.00013279828833755828,0.001799999999999899,0.004299999999999894,0.000643356668699347,2.5592377725043248e-05,0.000352726008101701,0.0008439666798200993
m2_C_d05_r1,S4,-0.0001521739069107497,2.352484917666017e-05,-0.00030698084473549997,6.0737819327499995e-05,0.0030589999999998973,0.0005654544532840228,-0.005699999999999997,0.0032999999999999974,0.0030589999999998973,0.0005654544532840228,-0.005699999999999997,0.0032999999999999974,0.0005991905814153185,0.000106895997970676,-0.0009263379849784002,0.0006545107136565996
m2_H,S1,0.0,0.0,0.0,0.0,0.0032184999999999428,0.00029443920330763756,0.001799999999999899,0.004299999999999894,0.0032184999999999428,0.00029443920330763756,0.001799999999999899,0.004299999999999894,0.0006576366088363127,6.0976803480797236e-05,0.00036871755621169927,0.0008821237065826
m2_H,S3,0.0,0.0,0.0,0.0,0.003236999999999944,0.00025513936602588136,0.0022999999999999965,0.004299999999999894,0.003236999999999944,0.00025513936602588136,0.0022999999999999965,0.004299999999999894,0.0006614544479024374,5.295357413155086e-05,0.0004669864250110012,0.0008821237065826
m2_H,S4,0.0,0.0,0.0,0.0,0.0032274999999999427,0.00027215403325655434,0.001799999999999899,0.004299999999999894,0.0032274999999999427,0.00027215403325655434,0.001799999999999899,0.004299999999999894,0.0006594819289147984,5.645444833339007e-05,0.00036871755621169927,0.0008821237065826
m2_M_d05_r1,S1,-0.00010725906140039778,3.8134470171702764e-05,-0.0004490813486669,0.00014724312369819998,0.0018909999999999,0.0003512012846536062,0.00030000000000000165,0.004799999999999895,0.0018909999999999,0.0003512012846536062,0.00030000000000000165,0.004799999999999895,0.0003628333712373166,6.685449752517261e-05,6.955169128440054e-05,0.0009046482236571007
m2_M_d05_r1,S3,-0.00012858888955667177,5.351883079059644e-05,-0.0004490813486669,0.00014724312369819998,0.0020969999999998997,0.0005055161189779681,0.00030000000000000165,0.004799999999999895,0.0020969999999998997,0.0005055161189779681,0.00030000000000000165,0.004799999999999895,0.00040272244524527234,9.710935879460069e-05,6.955169128440054e-05,0.0009046482236571007
m2_M_d05_r1,S4,-0.0001637280913230608,5.5632377730617433e-05,-0.0004490813486669,-9.841524485329999e-05,0.0024379999999999,0.0005298459556670577,0.001799999999999899,0.004799999999999895,0.0024379999999999,0.0005298459556670577,0.001799999999999899,0.004799999999999895,0.0004687551344105047,0.00010189894744528971,0.0003452889224671001,0.0009046482236571007
m2_S_d05_r0,S1,0.0,0.0,0.0,0.0,0.0008449999999999001,0.00029421346257703645,0.000799999999999898,0.0032999999999999974,0.0008449999999999001,0.00029421346257703645,0.000799999999999898,0.0032999999999999974,0.00017013447745702575,6.038620188041372e-05,0.00016090362135520037,0.0006748003598675001
m2_S_d05_r0,S3,0.0,0.0,0.0,0.0,0.0009859999999999062,0.0005212251679223657,0.000799999999999898,0.0032999999999999974,0.0009859999999999062,0.0005212251679223657,0.000799999999999898,0.0032999999999999974,0.0001990039839079966,0.00010675807209598434,0.00016090362135520037,0.0006748003598675001
m2_S_d05_r0,S4,0.0,0.0,0.0,0.0,0.0011769999999999177,0.0006784772150421677,0.000799999999999898,0.0032999999999999974,0.0011769999999999177,0.0006784772150421677,0.000799999999999898,0.0032999999999999974,0.00023801366289814602,0.0001387716792604759,0.00016090362135520037,0.0006748003598675001
