key,case_id,mode,h,active,status,start_min,end_min,decision_min,intervals,actual_ethanol_mol,commanded_ethanol_mol,H2_produced_mol,H2_demand_mol,H2_shortfall_mol,command_index,command_mol_min,parent_key,decision_time
m1_C_d05_r1_passive_t16_u0,m1_C_d05_r1,1,C,False,complete,0,31,16,310,0.065099999999999991,0.065099999999999991,0.0066737631421446963,0.0070479740000000003,0.00037421085785530387,0,0.0020999999999999999,m1_C_d05_r1_passive,16
m1_C_d05_r1_passive_t16_u1,m1_C_d05_r1,1,C,False,complete,0,31,16,310,0.065849999999999992,0.065849999999999992,0.0067730639774890265,0.0070479740000000003,0.000274910022510974,1,0.00215,m1_C_d05_r1_passive,16
m1_C_d05_r1_passive_t16_u2,m1_C_d05_r1,1,C,False,complete,0,31,16,310,0.066599999999999979,0.066599999999999979,0.0068691812386900038,0.0070479740000000003,0.00018307701132518802,2,0.0021999999999999997,m1_C_d05_r1_passive,16
m1_C_d05_r1_passive_t16_u3,m1_C_d05_r1,1,C,False,complete,0,31,16,310,0.067349999999999993,0.067349999999999993,0.0069622337771416357,0.0070479740000000003,0.00017982120036778002,3,0.0022499999999999998,m1_C_d05_r1_passive,16
m1_C_d05_r1_passive_t16_u4,m1_C_d05_r1,1,C,False,complete,0,31,16,310,0.068099999999999994,0.068099999999999994,0.007052334673001209,0.0070479740000000003,0.0001797416898867555,4,0.0023,m1_C_d05_r1_passive,16
m1_C_d05_r1_passive_t16_u5,m1_C_d05_r1,1,C,False,complete,0,31,16,310,0.068849999999999981,0.068849999999999981,0.0071395915908197532,0.0070479740000000003,0.00017965288593108471,5,0.0023499999999999997,m1_C_d05_r1_passive,16
m1_C_d05_r1_passive_t16_u6,m1_C_d05_r1,1,C,False,complete,0,31,16,310,0.069599999999999981,0.069599999999999981,0.0072241072041733644,0.0070479740000000003,0.00017955437257482034,6,0.0023999999999999998,m1_C_d05_r1_passive,16
m1_C_d05_r1_passive_t21_u0,m1_C_d05_r1,1,C,False,complete,0,31,21,310,0.065099999999999991,0.065099999999999991,0.0066737631317563906,0.0070479740000000003,0.00037421086824360953,0,0.0020999999999999999,m1_C_d05_r1_passive,21
m1_C_d05_r1_passive_t21_u1,m1_C_d05_r1,1,C,False,complete,0,31,21,310,0.065599999999999992,0.065599999999999992,0.0067393409794951663,0.0070479740000000003,0.00030863302050483405,1,0.00215,m1_C_d05_r1_passive,21
m1_C_d05_r1_passive_t21_u2,m1_C_d05_r1,1,C,False,complete,0,31,21,310,0.066099999999999992,0.066099999999999992,0.0068028286518323627,0.0070479740000000003,0.00024572809068551787,2,0.0021999999999999997,m1_C_d05_r1_passive,21
m1_C_d05_r1_passive_t21_u3,m1_C_d05_r1,1,C,False,complete,0,31,21,310,0.066599999999999993,0.066599999999999993,0.0068643036524149333,0.0070479740000000003,0.00024240314966277548,3,0.0022499999999999998,m1_C_d05_r1_passive,21
m1_C_d05_r1_passive_t21_u4,m1_C_d05_r1,1,C,False,complete,0,31,21,310,0.067099999999999993,0.067099999999999993,0.0069238397177381651,0.0070479740000000003,0.00024232422690365044,4,0.0023,m1_C_d05_r1_passive,21
m1_C_d05_r1_passive_t21_u5,m1_C_d05_r1,1,C,False,complete,0,31,21,310,0.067599999999999993,0.067599999999999993,0.0069815070601648849,0.0070479740000000003,0.00024223607758046189,5,0.0023499999999999997,m1_C_d05_r1_passive,21
m1_C_d05_r1_passive_t21_u6,m1_C_d05_r1,1,C,False,complete,0,31,21,310,0.068099999999999994,0.068099999999999994,0.0070373726550913406,0.0070479740000000003,0.00024213828971584141,6,0.0023999999999999998,m1_C_d05_r1_passive,21
m1_C_d05_r1_active_t16_u0,m1_C_d05_r1,1,C,True,complete,0,31,16,310,0.066899999999999987,0.066899999999999987,0.0068986533261415463,0.0070479740000000003,0.00030225982580222915,0,0.0020999999999999999,m1_C_d05_r1_active,16
m1_C_d05_r1_active_t16_u1,m1_C_d05_r1,1,C,True,complete,0,31,16,310,0.067650000000000002,0.067650000000000002,0.0069978520095728526,0.0070479740000000003,0.0002031739405497427,1,0.00215,m1_C_d05_r1_active,16
m1_C_d05_r1_active_t16_u2,m1_C_d05_r1,1,C,True,complete,0,31,16,310,0.068399999999999989,0.068399999999999989,0.0070938696863972871,0.0070479740000000003,0.00011195401552041342,2,0.0021999999999999997,m1_C_d05_r1_active,16
m1_C_d05_r1_active_t16_u3,m1_C_d05_r1,1,C,True,complete,0,31,16,310,0.069149999999999989,0.069149999999999989,0.007186825231990655,0.0070479740000000003,0.00010890026225377987,3,0.0022499999999999998,m1_C_d05_r1_active,16
m1_C_d05_r1_active_t16_u4,m1_C_d05_r1,1,C,True,complete,0,31,16,310,0.06989999999999999,0.06989999999999999,0.0072768316579793126,0.0070479740000000003,0.00010890026225377987,4,0.0023,m1_C_d05_r1_active,16
m1_C_d05_r1_active_t16_u5,m1_C_d05_r1,1,C,True,complete,0,31,16,310,0.070649999999999991,0.070649999999999991,0.0073639966815227291,0.0070479740000000003,0.00010890026225377987,5,0.0023499999999999997,m1_C_d05_r1_active,16
m1_C_d05_r1_active_t16_u6,m1_C_d05_r1,1,C,True,complete,0,31,16,310,0.071399999999999991,0.071399999999999991,0.0074484228258491249,0.0070479740000000003,0.00010890026225377987,6,0.0023999999999999998,m1_C_d05_r1_active,16
m1_C_d05_r1_active_t21_u0,m1_C_d05_r1,1,C,True,complete,0,31,21,310,0.068399999999999989,0.068399999999999989,0.0070853868010469605,0.0070479740000000003,0.0002396756396489619,0,0.0020999999999999999,m1_C_d05_r1_active,21
m1_C_d05_r1_active_t21_u1,m1_C_d05_r1,1,C,True,complete,0,31,21,310,0.068900000000000003,0.068900000000000003,0.0071508626960031969,0.0070479740000000003,0.00017424749732545728,1,0.00215,m1_C_d05_r1_active,21
m1_C_d05_r1_active_t21_u2,m1_C_d05_r1,1,C,True,complete,0,31,21,310,0.069399999999999989,0.069399999999999989,0.0072142509785879712,0.0070479740000000003,0.00011195401508069259,2,0.0021999999999999997,m1_C_d05_r1_active,21
m1_C_d05_r1_active_t21_u3,m1_C_d05_r1,1,C,True,complete,0,31,21,310,0.06989999999999999,0.06989999999999999,0.0072756291478451481,0.0070479740000000003,0.00010890026225377987,3,0.0022499999999999998,m1_C_d05_r1_active,21
m1_C_d05_r1_active_t21_u4,m1_C_d05_r1,1,C,True,complete,0,31,21,310,0.07039999999999999,0.07039999999999999,0.0073350709276441689,0.0070479740000000003,0.00010890026225377987,4,0.0023,m1_C_d05_r1_active,21
m1_C_d05_r1_active_t21_u5,m1_C_d05_r1,1,C,True,complete,0,31,21,310,0.070899999999999991,0.070899999999999991,0.0073926465347226682,0.0070479740000000003,0.00010890026225377987,5,0.0023499999999999997,m1_C_d05_r1_active,21
m1_C_d05_r1_active_t21_u6,m1_C_d05_r1,1,C,True,complete,0,31,21,310,0.071399999999999991,0.071399999999999991,0.0074484228258563899,0.0070479740000000003,0.00010890026225377987,6,0.0023999999999999998,m1_C_d05_r1_active,21
m1_M_d05_r1_passive_t16_u0,m1_M_d05_r1,1,M,False,complete,0,31,16,310,0.065099999999999991,0.065099999999999991,0.0065906842009142118,0.0070479740000000003,0.00045728979908578907,0,0.0020999999999999999,m1_M_d05_r1_passive,16
m1_M_d05_r1_passive_t16_u1,m1_M_d05_r1,1,M,False,complete,0,31,16,310,0.065849999999999992,0.065849999999999992,0.0066828957917063319,0.0070479740000000003,0.00036507820829366917,1,0.00215,m1_M_d05_r1_passive,16
m1_M_d05_r1_passive_t16_u2,m1_M_d05_r1,1,M,False,complete,0,31,16,310,0.066599999999999979,0.066599999999999979,0.0067720941265757909,0.0070479740000000003,0.00027587987342420951,2,0.0021999999999999997,m1_M_d05_r1_passive,16
m1_M_d05_r1_passive_t16_u3,m1_M_d05_r1,1,M,False,complete,0,31,16,310,0.067349999999999993,0.067349999999999993,0.0068583922862007277,0.0070479740000000003,0.00019723252028682752,3,0.0022499999999999998,m1_M_d05_r1_passive,16
m1_M_d05_r1_passive_t16_u4,m1_M_d05_r1,1,M,False,complete,0,31,16,310,0.068099999999999994,0.068099999999999994,0.0069418979248083764,0.0070479740000000003,0.00016551307591160827,4,0.0023,m1_M_d05_r1_passive,16
m1_M_d05_r1_passive_t16_u5,m1_M_d05_r1,1,M,False,complete,0,31,16,310,0.068849999999999981,0.068849999999999981,0.0070227137301196885,0.0070479740000000003,0.00016470415034711665,5,0.0023499999999999997,m1_M_d05_r1_passive,16
m1_M_d05_r1_passive_t16_u6,m1_M_d05_r1,1,M,False,complete,0,31,16,310,0.069599999999999981,0.069599999999999981,0.0071009374867365433,0.0070479740000000003,0.00016460150149767873,6,0.0023999999999999998,m1_M_d05_r1_passive,16
m1_M_d05_r1_passive_t21_u0,m1_M_d05_r1,1,M,False,complete,0,31,21,310,0.065099999999999991,0.065099999999999991,0.0065906842013808541,0.0070479740000000003,0.00045728979861914607,0,0.0020999999999999999,m1_M_d05_r1_passive,21
m1_M_d05_r1_passive_t21_u1,m1_M_d05_r1,1,M,False,complete,0,31,21,310,0.065599999999999992,0.065599999999999992,0.00665116170801534,0.0070479740000000003,0.00039681229198466016,1,0.00215,m1_M_d05_r1_passive,21
m1_M_d05_r1_passive_t21_u2,m1_M_d05_r1,1,M,False,complete,0,31,21,310,0.066099999999999992,0.066099999999999992,0.0067096733107739606,0.0070479740000000003,0.00033830068922603988,2,0.0021999999999999997,m1_M_d05_r1_passive,21
m1_M_d05_r1_passive_t21_u3,m1_M_d05_r1,1,M,False,complete,0,31,21,310,0.066599999999999993,0.066599999999999993,0.0067662922746874691,0.0070479740000000003,0.00028168172531253181,3,0.0022499999999999998,m1_M_d05_r1_passive,21
m1_M_d05_r1_passive_t21_u4,m1_M_d05_r1,1,M,False,complete,0,31,21,310,0.067099999999999993,0.067099999999999993,0.0068210883585574323,0.0070479740000000003,0.00024970045612497335,4,0.0023,m1_M_d05_r1_passive,21
m1_M_d05_r1_passive_t21_u5,m1_M_d05_r1,1,M,False,complete,0,31,21,310,0.067599999999999993,0.067599999999999993,0.0068741281499956237,0.0070479740000000003,0.00024889302252236535,5,0.0023499999999999997,m1_M_d05_r1_passive,21
m1_M_d05_r1_passive_t21_u6,m1_M_d05_r1,1,M,False,complete,0,31,21,310,0.068099999999999994,0.068099999999999994,0.0069254750181054758,0.0070479740000000003,0.00024879201235534305,6,0.0023999999999999998,m1_M_d05_r1_passive,21
m1_M_d05_r1_active_t16_u0,m1_M_d05_r1,1,M,True,complete,0,31,16,310,0.066899999999999987,0.066899999999999987,0.0068052849075611859,0.0070479740000000003,0.00037559632036421699,0,0.0020999999999999999,m1_M_d05_r1_active,16
m1_M_d05_r1_active_t16_u1,m1_M_d05_r1,1,M,True,complete,0,31,16,310,0.067650000000000002,0.067650000000000002,0.0068973981768736918,0.0070479740000000003,0.0002835128039807068,1,0.00215,m1_M_d05_r1_active,16
m1_M_d05_r1_active_t16_u2,m1_M_d05_r1,1,M,True,complete,0,31,16,310,0.068399999999999989,0.068399999999999989,0.0069865007268332339,0.0070479740000000003,0.00019455622420537727,2,0.0021999999999999997,m1_M_d05_r1_active,16
m1_M_d05_r1_active_t16_u3,m1_M_d05_r1,1,M,True,complete,0,31,16,310,0.069149999999999989,0.069149999999999989,0.0070727056621262508,0.0070479740000000003,0.00011646420537252061,3,0.0022499999999999998,m1_M_d05_r1_active,16
m1_M_d05_r1_active_t16_u4,m1_M_d05_r1,1,M,True,complete,0,31,16,310,0.06989999999999999,0.06989999999999999,0.0071561206343847229,0.0070479740000000003,8.4827527351892521e-05,4,0.0023,m1_M_d05_r1_active,16
m1_M_d05_r1_active_t16_u5,m1_M_d05_r1,1,M,True,complete,0,31,16,310,0.070649999999999991,0.070649999999999991,0.0072368482573785123,0.0070479740000000003,8.4111117099518675e-05,5,0.0023499999999999997,m1_M_d05_r1_active,16
m1_M_d05_r1_active_t16_u6,m1_M_d05_r1,1,M,True,complete,0,31,16,310,0.071399999999999991,0.071399999999999991,0.007314986296690678,0.0070479740000000003,8.4111117099518675e-05,6,0.0023999999999999998,m1_M_d05_r1_active,16
m1_M_d05_r1_active_t21_u0,m1_M_d05_r1,1,M,True,complete,0,31,21,310,0.068399999999999989,0.068399999999999989,0.0069807393226096704,0.0070479740000000003,0.000291424401641477,0,0.0020999999999999999,m1_M_d05_r1_active,21
m1_M_d05_r1_active_t21_u1,m1_M_d05_r1,1,M,True,complete,0,31,21,310,0.068900000000000003,0.068900000000000003,0.0070411199391649439,0.0070479740000000003,0.00023107295023967327,1,0.00215,m1_M_d05_r1_active,21
m1_M_d05_r1_active_t21_u2,m1_M_d05_r1,1,M,True,complete,0,31,21,310,0.069399999999999989,0.069399999999999989,0.0070995371529638616,0.0070479740000000003,0.0001726910413849563,2,0.0021999999999999997,m1_M_d05_r1_active,21
m1_M_d05_r1_active_t21_u3,m1_M_d05_r1,1,M,True,complete,0,31,21,310,0.06989999999999999,0.06989999999999999,0.0071560642524976983,0.0070479740000000003,0.00011644484071428814,3,0.0022499999999999998,m1_M_d05_r1_active,21
m1_M_d05_r1_active_t21_u4,m1_M_d05_r1,1,M,True,complete,0,31,21,310,0.07039999999999999,0.07039999999999999,0.0072107709939083966,0.0070479740000000003,8.4827527351980029e-05,4,0.0023,m1_M_d05_r1_active,21
m1_M_d05_r1_active_t21_u5,m1_M_d05_r1,1,M,True,complete,0,31,21,310,0.070899999999999991,0.070899999999999991,0.0072637238920199697,0.0070479740000000003,8.4111117099518675e-05,5,0.0023499999999999997,m1_M_d05_r1_active,21
m1_M_d05_r1_active_t21_u6,m1_M_d05_r1,1,M,True,complete,0,31,21,310,0.071399999999999991,0.071399999999999991,0.0073149862971523512,0.0070479740000000003,8.4111117099518675e-05,6,0.0023999999999999998,m1_M_d05_r1_active,21
m1_F_d05_r1_passive_t16_u0,m1_F_d05_r1,1,F,False,complete,0,31,16,310,0.06230180010765228,0.065099999999999991,0.0066470752865130101,0.0070479740000000003,0.00040089871348699096,0,0.0020999999999999999,m1_F_d05_r1_passive,16
m1_F_d05_r1_passive_t16_u1,m1_F_d05_r1,1,F,False,complete,0,31,16,310,0.063013821752140514,0.065849999999999992,0.0067503381706557888,0.0070479740000000003,0.00029763582934421177,1,0.00215,m1_F_d05_r1_passive,16
m1_F_d05_r1_passive_t16_u2,m1_F_d05_r1,1,F,False,complete,0,31,16,310,0.063725843396628748,0.066599999999999979,0.0068503639556310196,0.0070479740000000003,0.0001981691792567206,2,0.0021999999999999997,m1_F_d05_r1_passive,16
m1_F_d05_r1_passive_t16_u3,m1_F_d05_r1,1,F,False,complete,0,31,16,310,0.064437865041116996,0.067349999999999993,0.0069472705425785309,0.0070479740000000003,0.00017422928048775078,3,0.0022499999999999998,m1_F_d05_r1_passive,16
m1_F_d05_r1_passive_t16_u4,m1_F_d05_r1,1,F,False,complete,0,31,16,310,0.065149886685605229,0.068099999999999994,0.0070411702616894152,0.0070479740000000003,0.00017415171778866476,4,0.0023,m1_F_d05_r1_passive,16
m1_F_d05_r1_passive_t16_u5,m1_F_d05_r1,1,F,False,complete,0,31,16,310,0.065861908330093477,0.068849999999999981,0.0071321701880277038,0.0070479740000000003,0.00017406482017803281,5,0.0023499999999999997,m1_F_d05_r1_passive,16
m1_F_d05_r1_passive_t16_u6,m1_F_d05_r1,1,F,False,complete,0,31,16,310,0.066573929974581711,0.069599999999999981,0.007220372593327134,0.0070479740000000003,0.00017396813551428083,6,0.0023999999999999998,m1_F_d05_r1_passive,16
m1_F_d05_r1_passive_t21_u0,m1_F_d05_r1,1,F,False,complete,0,31,21,310,0.06230180010765228,0.065099999999999991,0.0066470752837345399,0.0070479740000000003,0.00040089871626546069,0,0.0020999999999999999,m1_F_d05_r1_passive,21
m1_F_d05_r1_passive_t21_u1,m1_F_d05_r1,1,F,False,complete,0,31,21,310,0.062775293517268752,0.065599999999999992,0.0067153602065429252,0.0070479740000000003,0.00033261379345707483,1,0.00215,m1_F_d05_r1_passive,21
m1_F_d05_r1_passive_t21_u2,m1_F_d05_r1,1,F,False,complete,0,31,21,310,0.063248786926885223,0.066099999999999992,0.0067815206942335397,0.0070479740000000003,0.00026645330576646119,2,0.0021999999999999997,m1_F_d05_r1_passive,21
m1_F_d05_r1_passive_t21_u3,m1_F_d05_r1,1,F,False,complete,0,31,21,310,0.063722280336501708,0.066599999999999993,0.0068456334940383071,0.0070479740000000003,0.00024371909509988404,3,0.0022499999999999998,m1_F_d05_r1_passive,21
m1_F_d05_r1_passive_t21_u4,m1_F_d05_r1,1,F,False,complete,0,31,21,310,0.064195773746118179,0.067099999999999993,0.0069077717120961772,0.0070479740000000003,0.00024364279071080393,4,0.0023,m1_F_d05_r1_passive,21
m1_F_d05_r1_passive_t21_u5,m1_F_d05_r1,1,F,False,complete,0,31,21,310,0.064669267155734664,0.067599999999999993,0.0069680050866312224,0.0070479740000000003,0.00024355727761319273,5,0.0023499999999999997,m1_F_d05_r1_passive,21
m1_F_d05_r1_passive_t21_u6,m1_F_d05_r1,1,F,False,complete,0,31,21,310,0.065142760565351135,0.068099999999999994,0.0070264001792521378,0.0070479740000000003,0.00024346209635659562,6,0.0023999999999999998,m1_F_d05_r1_passive,21
m1_F_d05_r1_active_t16_u0,m1_F_d05_r1,1,F,True,complete,0,31,16,310,0.06402867593172655,0.066899999999999987,0.0068798854485017571,0.0070479740000000003,0.0003259651075139184,0,0.0020999999999999999,m1_F_d05_r1_active,16
m1_F_d05_r1_active_t16_u1,m1_F_d05_r1,1,F,True,complete,0,31,16,310,0.064740697576214784,0.067650000000000002,0.0069830409829476272,0.0070479740000000003,0.000222922055510408,1,0.00215,m1_F_d05_r1_active,16
m1_F_d05_r1_active_t16_u2,m1_F_d05_r1,1,F,True,complete,0,31,16,310,0.065452719220703018,0.068399999999999989,0.0070829619522200151,0.0070479740000000003,0.00012407787810144675,2,0.0021999999999999997,m1_F_d05_r1_active,16
m1_F_d05_r1_active_t16_u3,m1_F_d05_r1,1,F,True,complete,0,31,16,310,0.066164740865191266,0.069149999999999989,0.0071797662634287707,0.0070479740000000003,0.00010041794502709361,3,0.0022499999999999998,m1_F_d05_r1_active,16
m1_F_d05_r1_active_t16_u4,m1_F_d05_r1,1,F,True,complete,0,31,16,310,0.066876762509679499,0.06989999999999999,0.0072735662609160617,0.0070479740000000003,0.00010041794502709361,4,0.0023,m1_F_d05_r1_active,16
m1_F_d05_r1_active_t16_u5,m1_F_d05_r1,1,F,True,complete,0,31,16,310,0.067588784154167747,0.070649999999999991,0.0073644690385082714,0.0070479740000000003,0.00010041794502709361,5,0.0023499999999999997,m1_F_d05_r1_active,16
m1_F_d05_r1_active_t16_u6,m1_F_d05_r1,1,F,True,complete,0,31,16,310,0.068300805798655981,0.071399999999999991,0.0074525768357969081,0.0070479740000000003,0.00010041794502709361,6,0.0023999999999999998,m1_F_d05_r1_active,16
m1_F_d05_r1_active_t21_u0,m1_F_d05_r1,1,F,True,complete,0,31,21,310,0.065459845340957126,0.068399999999999989,0.0070738592452485108,0.0070479740000000003,0.00025646014511336265,0,0.0020999999999999999,m1_F_d05_r1_active,21
m1_F_d05_r1_active_t21_u1,m1_F_d05_r1,1,F,True,complete,0,31,21,310,0.065933338750573597,0.068900000000000003,0.0071420366397592812,0.0070479740000000003,0.00018831077366505131,1,0.00215,m1_F_d05_r1_active,21
m1_F_d05_r1_active_t21_u2,m1_F_d05_r1,1,F,True,complete,0,31,21,310,0.066406832160190069,0.069399999999999989,0.0072080921138799551,0.0070479740000000003,0.00012271682759990569,2,0.0021999999999999997,m1_F_d05_r1_active,21
m1_F_d05_r1_active_t21_u3,m1_F_d05_r1,1,F,True,complete,0,31,21,310,0.066880325569806554,0.06989999999999999,0.0072721024145433483,0.0070479740000000003,0.00010041794502709361,3,0.0022499999999999998,m1_F_d05_r1_active,21
m1_F_d05_r1_active_t21_u4,m1_F_d05_r1,1,F,True,complete,0,31,21,310,0.067353818979423025,0.07039999999999999,0.0073341406836014492,0.0070479740000000003,0.00010041794502709361,4,0.0023,m1_F_d05_r1_active,21
m1_F_d05_r1_active_t21_u5,m1_F_d05_r1,1,F,True,complete,0,31,21,310,0.06782731238903951,0.070899999999999991,0.0073942766276938621,0.0070479740000000003,0.00010041794502709361,5,0.0023499999999999997,m1_F_d05_r1_active,21
m1_F_d05_r1_active_t21_u6,m1_F_d05_r1,1,F,True,complete,0,31,21,310,0.068300805798655981,0.071399999999999991,0.0074525768343262477,0.0070479740000000003,0.00010041794502709361,6,0.0023999999999999998,m1_F_d05_r1_active,21
m1_S_d05_r0_passive_t16_u0,m1_S_d05_r0,1,S,False,complete,0,31,16,310,0.065099999999999991,0.065099999999999991,0.0070479630950770512,0.0070479740000000003,1.0904922948704553e-08,0,0.0020999999999999999,m1_S_d05_r0_passive,16
m1_S_d05_r0_passive_t16_u1,m1_S_d05_r0,1,S,False,complete,0,31,16,310,0.065849999999999992,0.065849999999999992,0.0071491519310411195,0.0070479740000000003,5.6459359137398769e-09,1,0.00215,m1_S_d05_r0_passive,16
m1_S_d05_r0_passive_t16_u2,m1_S_d05_r0,1,S,False,complete,0,31,16,310,0.066599999999999979,0.066599999999999979,0.0072470410790011642,0.0070479740000000003,5.6459359137398769e-09,2,0.0021999999999999997,m1_S_d05_r0_passive,16
m1_S_d05_r0_passive_t16_u3,m1_S_d05_r0,1,S,False,complete,0,31,16,310,0.067349999999999993,0.067349999999999993,0.00734175384254546,0.0070479740000000003,5.6459359137398769e-09,3,0.0022499999999999998,m1_S_d05_r0_passive,16
m1_S_d05_r0_passive_t16_u4,m1_S_d05_r0,1,S,False,complete,0,31,16,310,0.068099999999999994,0.068099999999999994,0.0074334076516652716,0.0070479740000000003,5.6459359137398769e-09,4,0.0023,m1_S_d05_r0_passive,16
m1_S_d05_r0_passive_t16_u5,m1_S_d05_r0,1,S,False,complete,0,31,16,310,0.068849999999999981,0.068849999999999981,0.0075221145585007048,0.0070479740000000003,5.6459359137398769e-09,5,0.0023499999999999997,m1_S_d05_r0_passive,16
m1_S_d05_r0_passive_t16_u6,m1_S_d05_r0,1,S,False,complete,0,31,16,310,0.069599999999999981,0.069599999999999981,0.007607981302994244,0.0070479740000000003,5.6459359137398769e-09,6,0.0023999999999999998,m1_S_d05_r0_passive,16
m1_S_d05_r0_passive_t21_u0,m1_S_d05_r0,1,S,False,complete,0,31,21,310,0.065099999999999991,0.065099999999999991,0.0070479630950770512,0.0070479740000000003,1.0904922948653054e-08,0,0.0020999999999999999,m1_S_d05_r0_passive,21
m1_S_d05_r0_passive_t21_u1,m1_S_d05_r0,1,S,False,complete,0,31,21,310,0.065599999999999992,0.065599999999999992,0.0071148291126251996,0.0070479740000000003,7.4047944538136879e-09,1,0.00215,m1_S_d05_r0_passive,21
m1_S_d05_r0_passive_t21_u2,m1_S_d05_r0,1,S,False,complete,0,31,21,310,0.066099999999999992,0.066099999999999992,0.007179526521731627,0.0070479740000000003,7.4047944538136879e-09,2,0.0021999999999999997,m1_S_d05_r0_passive,21
m1_S_d05_r0_passive_t21_u3,m1_S_d05_r0,1,S,False,complete,0,31,21,310,0.066599999999999993,0.066599999999999993,0.0072421357670101024,0.0070479740000000003,7.4047944538136879e-09,3,0.0022499999999999998,m1_S_d05_r0_passive,21
m1_S_d05_r0_passive_t21_u4,m1_S_d05_r0,1,S,False,complete,0,31,21,310,0.067099999999999993,0.067099999999999993,0.0073027334738813366,0.0070479740000000003,7.4047944538136879e-09,4,0.0023,m1_S_d05_r0_passive,21
m1_S_d05_r0_passive_t21_u5,m1_S_d05_r0,1,S,False,complete,0,31,21,310,0.067599999999999993,0.067599999999999993,0.0073613928127589977,0.0070479740000000003,7.4047944538136879e-09,5,0.0023499999999999997,m1_S_d05_r0_passive,21
m1_S_d05_r0_passive_t21_u6,m1_S_d05_r0,1,S,False,complete,0,31,21,310,0.068099999999999994,0.068099999999999994,0.0074181834437689921,0.0070479740000000003,7.4047944538136879e-09,6,0.0023999999999999998,m1_S_d05_r0_passive,21
m1_S_d05_r0_active_t16_u0,m1_S_d05_r0,1,S,True,complete,0,31,16,310,0.066899999999999987,0.066899999999999987,0.0072763123528763289,0.0070479740000000003,8.6525808140733202e-09,0,0.0020999999999999999,m1_S_d05_r0_active,16
m1_S_d05_r0_active_t16_u1,m1_S_d05_r0,1,S,True,complete,0,31,16,310,0.067650000000000002,0.067650000000000002,0.007377395770057929,0.0070479740000000003,3.5353056656388356e-09,1,0.00215,m1_S_d05_r0_active,16
m1_S_d05_r0_active_t16_u2,m1_S_d05_r0,1,S,True,complete,0,31,16,310,0.068399999999999989,0.068399999999999989,0.0074751822129134433,0.0070479740000000003,3.5353056656388356e-09,2,0.0021999999999999997,m1_S_d05_r0_active,16
m1_S_d05_r0_active_t16_u3,m1_S_d05_r0,1,S,True,complete,0,31,16,310,0.069149999999999989,0.069149999999999989,0.0075697950101163286,0.0070479740000000003,3.5353056656388356e-09,3,0.0022499999999999998,m1_S_d05_r0_active,16
m1_S_d05_r0_active_t16_u4,m1_S_d05_r0,1,S,True,complete,0,31,16,310,0.06989999999999999,0.06989999999999999,0.0076613515890602141,0.0070479740000000003,3.5353056656388356e-09,4,0.0023,m1_S_d05_r0_active,16
m1_S_d05_r0_active_t16_u5,m1_S_d05_r0,1,S,True,complete,0,31,16,310,0.070649999999999991,0.070649999999999991,0.0077499639235621212,0.0070479740000000003,3.5353056656388356e-09,5,0.0023499999999999997,m1_S_d05_r0_active,16
m1_S_d05_r0_active_t16_u6,m1_S_d05_r0,1,S,True,complete,0,31,16,310,0.071399999999999991,0.071399999999999991,0.0078357387340329716,0.0070479740000000003,3.5353056656388356e-09,6,0.0023999999999999998,m1_S_d05_r0_active,16
m1_S_d05_r0_active_t21_u0,m1_S_d05_r0,1,S,True,complete,0,31,21,310,0.068399999999999989,0.068399999999999989,0.0074661102120801319,0.0070479740000000003,6.893782678457367e-09,0,0.0020999999999999999,m1_S_d05_r0_active,21
m1_S_d05_r0_active_t21_u1,m1_S_d05_r0,1,S,True,complete,0,31,21,310,0.068900000000000003,0.068900000000000003,0.0075328708108539366,0.0070479740000000003,3.5353056656388356e-09,1,0.00215,m1_S_d05_r0_active,21
m1_S_d05_r0_active_t21_u2,m1_S_d05_r0,1,S,True,complete,0,31,21,310,0.069399999999999989,0.069399999999999989,0.0075974655148557824,0.0070479740000000003,3.5353056656388356e-09,2,0.0021999999999999997,m1_S_d05_r0_active,21
m1_S_d05_r0_active_t21_u3,m1_S_d05_r0,1,S,True,complete,0,31,21,310,0.06989999999999999,0.06989999999999999,0.0076599747937927936,0.0070479740000000003,3.5353056656388356e-09,3,0.0022499999999999998,m1_S_d05_r0_active,21
m1_S_d05_r0_active_t21_u4,m1_S_d05_r0,1,S,True,complete,0,31,21,310,0.07039999999999999,0.07039999999999999,0.0077204752704881745,0.0070479740000000003,3.5353056656388356e-09,4,0.0023,m1_S_d05_r0_active,21
m1_S_d05_r0_active_t21_u5,m1_S_d05_r0,1,S,True,complete,0,31,21,310,0.070899999999999991,0.070899999999999991,0.0077790400370326557,0.0070479740000000003,3.5353056656388356e-09,5,0.0023499999999999997,m1_S_d05_r0_active,21
m1_S_d05_r0_active_t21_u6,m1_S_d05_r0,1,S,True,complete,0,31,21,310,0.071399999999999991,0.071399999999999991,0.0078357387340329716,0.0070479740000000003,3.5353056656388356e-09,6,0.0023999999999999998,m1_S_d05_r0_active,21
m1_H_passive_t16_u0,m1_H,1,H,False,complete,0,31,16,310,0.065099999999999991,0.065099999999999991,0.0070479630950770512,0.0070479740000000003,1.0904922948704553e-08,0,0.0020999999999999999,m1_H_passive,16
m1_H_passive_t16_u1,m1_H,1,H,False,complete,0,31,16,310,0.065849999999999992,0.065849999999999992,0.0071491519310411195,0.0070479740000000003,5.6459359137398769e-09,1,0.00215,m1_H_passive,16
m1_H_passive_t16_u2,m1_H,1,H,False,complete,0,31,16,310,0.066599999999999979,0.066599999999999979,0.0072470410790011642,0.0070479740000000003,5.6459359137398769e-09,2,0.0021999999999999997,m1_H_passive,16
m1_H_passive_t16_u3,m1_H,1,H,False,complete,0,31,16,310,0.067349999999999993,0.067349999999999993,0.00734175384254546,0.0070479740000000003,5.6459359137398769e-09,3,0.0022499999999999998,m1_H_passive,16
m1_H_passive_t16_u4,m1_H,1,H,False,complete,0,31,16,310,0.068099999999999994,0.068099999999999994,0.0074334076516652716,0.0070479740000000003,5.6459359137398769e-09,4,0.0023,m1_H_passive,16
m1_H_passive_t16_u5,m1_H,1,H,False,complete,0,31,16,310,0.068849999999999981,0.068849999999999981,0.0075221145585007048,0.0070479740000000003,5.6459359137398769e-09,5,0.0023499999999999997,m1_H_passive,16
m1_H_passive_t16_u6,m1_H,1,H,False,complete,0,31,16,310,0.069599999999999981,0.069599999999999981,0.007607981302994244,0.0070479740000000003,5.6459359137398769e-09,6,0.0023999999999999998,m1_H_passive,16
m1_H_passive_t21_u0,m1_H,1,H,False,complete,0,31,21,310,0.065099999999999991,0.065099999999999991,0.0070479630950770512,0.0070479740000000003,1.0904922948653054e-08,0,0.0020999999999999999,m1_H_passive,21
m1_H_passive_t21_u1,m1_H,1,H,False,complete,0,31,21,310,0.065599999999999992,0.065599999999999992,0.0071148291126251996,0.0070479740000000003,7.4047944538136879e-09,1,0.00215,m1_H_passive,21
m1_H_passive_t21_u2,m1_H,1,H,False,complete,0,31,21,310,0.066099999999999992,0.066099999999999992,0.007179526521731627,0.0070479740000000003,7.4047944538136879e-09,2,0.0021999999999999997,m1_H_passive,21
m1_H_passive_t21_u3,m1_H,1,H,False,complete,0,31,21,310,0.066599999999999993,0.066599999999999993,0.0072421357670101024,0.0070479740000000003,7.4047944538136879e-09,3,0.0022499999999999998,m1_H_passive,21
m1_H_passive_t21_u4,m1_H,1,H,False,complete,0,31,21,310,0.067099999999999993,0.067099999999999993,0.0073027334738813366,0.0070479740000000003,7.4047944538136879e-09,4,0.0023,m1_H_passive,21
m1_H_passive_t21_u5,m1_H,1,H,False,complete,0,31,21,310,0.067599999999999993,0.067599999999999993,0.0073613928127589977,0.0070479740000000003,7.4047944538136879e-09,5,0.0023499999999999997,m1_H_passive,21
m1_H_passive_t21_u6,m1_H,1,H,False,complete,0,31,21,310,0.068099999999999994,0.068099999999999994,0.0074181834437689921,0.0070479740000000003,7.4047944538136879e-09,6,0.0023999999999999998,m1_H_passive,21
m1_H_active_t16_u0,m1_H,1,H,True,complete,0,31,16,310,0.066899999999999987,0.066899999999999987,0.0072763123528763289,0.0070479740000000003,8.6525808140733202e-09,0,0.0020999999999999999,m1_H_active,16
m1_H_active_t16_u1,m1_H,1,H,True,complete,0,31,16,310,0.067650000000000002,0.067650000000000002,0.007377395770057929,0.0070479740000000003,3.5353056656388356e-09,1,0.00215,m1_H_active,16
m1_H_active_t16_u2,m1_H,1,H,True,complete,0,31,16,310,0.068399999999999989,0.068399999999999989,0.0074751822129134433,0.0070479740000000003,3.5353056656388356e-09,2,0.0021999999999999997,m1_H_active,16
m1_H_active_t16_u3,m1_H,1,H,True,complete,0,31,16,310,0.069149999999999989,0.069149999999999989,0.0075697950101163286,0.0070479740000000003,3.5353056656388356e-09,3,0.0022499999999999998,m1_H_active,16
m1_H_active_t16_u4,m1_H,1,H,True,complete,0,31,16,310,0.06989999999999999,0.06989999999999999,0.0076613515890602141,0.0070479740000000003,3.5353056656388356e-09,4,0.0023,m1_H_active,16
m1_H_active_t16_u5,m1_H,1,H,True,complete,0,31,16,310,0.070649999999999991,0.070649999999999991,0.0077499639235621212,0.0070479740000000003,3.5353056656388356e-09,5,0.0023499999999999997,m1_H_active,16
m1_H_active_t16_u6,m1_H,1,H,True,complete,0,31,16,310,0.071399999999999991,0.071399999999999991,0.0078357387340329716,0.0070479740000000003,3.5353056656388356e-09,6,0.0023999999999999998,m1_H_active,16
m1_H_active_t21_u0,m1_H,1,H,True,complete,0,31,21,310,0.068399999999999989,0.068399999999999989,0.0074661102120801319,0.0070479740000000003,6.893782678457367e-09,0,0.0020999999999999999,m1_H_active,21
m1_H_active_t21_u1,m1_H,1,H,True,complete,0,31,21,310,0.068900000000000003,0.068900000000000003,0.0075328708108539366,0.0070479740000000003,3.5353056656388356e-09,1,0.00215,m1_H_active,21
m1_H_active_t21_u2,m1_H,1,H,True,complete,0,31,21,310,0.069399999999999989,0.069399999999999989,0.0075974655148557824,0.0070479740000000003,3.5353056656388356e-09,2,0.0021999999999999997,m1_H_active,21
m1_H_active_t21_u3,m1_H,1,H,True,complete,0,31,21,310,0.06989999999999999,0.06989999999999999,0.0076599747937927936,0.0070479740000000003,3.5353056656388356e-09,3,0.0022499999999999998,m1_H_active,21
m1_H_active_t21_u4,m1_H,1,H,True,complete,0,31,21,310,0.07039999999999999,0.07039999999999999,0.0077204752704881745,0.0070479740000000003,3.5353056656388356e-09,4,0.0023,m1_H_active,21
m1_H_active_t21_u5,m1_H,1,H,True,complete,0,31,21,310,0.070899999999999991,0.070899999999999991,0.0077790400370326557,0.0070479740000000003,3.5353056656388356e-09,5,0.0023499999999999997,m1_H_active,21
m1_H_active_t21_u6,m1_H,1,H,True,complete,0,31,21,310,0.071399999999999991,0.071399999999999991,0.0078357387340329716,0.0070479740000000003,3.5353056656388356e-09,6,0.0023999999999999998,m1_H_active,21
m2_C_d05_r1_passive_t16_u0,m2_C_d05_r1,2,C,False,complete,0,31,16,310,0.055800000000000009,0.055800000000000009,0.0081241151407191563,0.0085677489999999995,0.00044363385928084214,0,0.0018,m2_C_d05_r1_passive,16
m2_C_d05_r1_passive_t16_u1,m2_C_d05_r1,2,C,False,complete,0,31,16,310,0.057300000000000004,0.057300000000000004,0.0084258998362826305,0.0085677489999999995,0.00022221428750424861,1,0.0019,m2_C_d05_r1_passive,16
m2_C_d05_r1_passive_t16_u2,m2_C_d05_r1,2,C,False,complete,0,31,16,310,0.058800000000000005,0.058800000000000005,0.0087108631606938013,0.0085677489999999995,0.00022175236829698872,2,0.002,m2_C_d05_r1_passive,16
m2_C_d05_r1_passive_t16_u3,m2_C_d05_r1,2,C,False,complete,0,31,16,310,0.060299999999999999,0.060299999999999999,0.0089802126248391748,0.0085677489999999995,0.00022130617692346492,3,0.0020999999999999999,m2_C_d05_r1_passive,16
m2_C_d05_r1_passive_t16_u4,m2_C_d05_r1,2,C,False,complete,0,31,16,310,0.061800000000000001,0.061800000000000001,0.0092350371540543628,0.0085677489999999995,0.00022079178695085899,4,0.0021999999999999997,m2_C_d05_r1_passive,16
m2_C_d05_r1_passive_t16_u5,m2_C_d05_r1,2,C,False,complete,0,31,16,310,0.063299999999999995,0.063299999999999995,0.0094763224243433718,0.0085677489999999995,0.00022074578842665562,5,0.0023,m2_C_d05_r1_passive,16
m2_C_d05_r1_passive_t16_u6,m2_C_d05_r1,2,C,False,complete,0,31,16,310,0.064799999999999996,0.064799999999999996,0.0097049638293627526,0.0085677489999999995,0.00022069894874637293,6,0.0023999999999999998,m2_C_d05_r1_passive,16
m2_C_d05_r1_passive_t21_u0,m2_C_d05_r1,2,C,False,complete,0,31,21,310,0.055800000000000009,0.055800000000000009,0.008124115130727718,0.0085677489999999995,0.00044363386927228173,0,0.0018,m2_C_d05_r1_passive,21
m2_C_d05_r1_passive_t21_u1,m2_C_d05_r1,2,C,False,complete,0,31,21,310,0.056800000000000003,0.056800000000000003,0.0083226003901359404,0.0085677489999999995,0.00029546176857071771,1,0.0019,m2_C_d05_r1_passive,21
m2_C_d05_r1_passive_t21_u2,m2_C_d05_r1,2,C,False,complete,0,31,21,310,0.057800000000000004,0.057800000000000004,0.0085101199944670105,0.0085677489999999995,0.00029495015413553765,2,0.002,m2_C_d05_r1_passive,21
m2_C_d05_r1_passive_t21_u3,m2_C_d05_r1,2,C,False,complete,0,31,21,310,0.058799999999999998,0.058799999999999998,0.0086874553139743103,0.0085677489999999995,0.00029450545416826476,3,0.0020999999999999999,m2_C_d05_r1_passive,21
m2_C_d05_r1_passive_t21_u4,m2_C_d05_r1,2,C,False,complete,0,31,21,310,0.059799999999999999,0.059799999999999999,0.0088553111387457955,0.0085677489999999995,0.00029397785196971977,4,0.0021999999999999997,m2_C_d05_r1_passive,21
m2_C_d05_r1_passive_t21_u5,m2_C_d05_r1,2,C,False,complete,0,31,21,310,0.060800000000000007,0.060800000000000007,0.0090143254308143878,0.0085677489999999995,0.00029389395506612182,5,0.0023,m2_C_d05_r1_passive,21
m2_C_d05_r1_passive_t21_u6,m2_C_d05_r1,2,C,False,complete,0,31,21,310,0.061800000000000001,0.061800000000000001,0.0091650775943023614,0.0085677489999999995,0.00029384724970685103,6,0.0023999999999999998,m2_C_d05_r1_passive,21
m2_C_d05_r1_active_t16_u0,m2_C_d05_r1,2,C,True,complete,0,31,16,310,0.057599999999999998,0.057599999999999998,0.0084773004517746612,0.0085677489999999995,0.0003561962618661385,0,0.0018,m2_C_d05_r1_active,16
m2_C_d05_r1_active_t16_u1,m2_C_d05_r1,2,C,True,complete,0,31,16,310,0.059099999999999993,0.059099999999999993,0.0087786258443843385,0.0085677489999999995,0.00013665302453671254,1,0.0019,m2_C_d05_r1_active,16
m2_C_d05_r1_active_t16_u2,m2_C_d05_r1,2,C,True,complete,0,31,16,310,0.060599999999999994,0.060599999999999994,0.0090631468689847637,0.0085677489999999995,0.00013665302453671254,2,0.002,m2_C_d05_r1_active,16
m2_C_d05_r1_active_t16_u3,m2_C_d05_r1,2,C,True,complete,0,31,16,310,0.062099999999999989,0.062099999999999989,0.0093320701856834457,0.0085677489999999995,0.00013665302453671254,3,0.0020999999999999999,m2_C_d05_r1_active,16
m2_C_d05_r1_active_t16_u4,m2_C_d05_r1,2,C,True,complete,0,31,16,310,0.06359999999999999,0.06359999999999999,0.00958648413203066,0.0085677489999999995,0.00013665302453671254,4,0.0021999999999999997,m2_C_d05_r1_active,16
m2_C_d05_r1_active_t16_u5,m2_C_d05_r1,2,C,True,complete,0,31,16,310,0.065099999999999991,0.065099999999999991,0.0098273742785137362,0.0085677489999999995,0.00013665302453671254,5,0.0023,m2_C_d05_r1_active,16
m2_C_d05_r1_active_t16_u6,m2_C_d05_r1,2,C,True,complete,0,31,16,310,0.066599999999999993,0.066599999999999993,0.010055636450274866,0.0085677489999999995,0.00013665302453671254,6,0.0023999999999999998,m2_C_d05_r1_active,16
m2_C_d05_r1_active_t21_u0,m2_C_d05_r1,2,C,True,complete,0,31,21,310,0.0591,0.0591,0.0087700548634605073,0.0085677489999999995,0.00028295210683174532,0,0.0018,m2_C_d05_r1_active,21
m2_C_d05_r1_active_t21_u1,m2_C_d05_r1,2,C,True,complete,0,31,21,310,0.060099999999999994,0.060099999999999994,0.0089680818105478,0.0085677489999999995,0.00013665302453671254,1,0.0019,m2_C_d05_r1_active,21
m2_C_d05_r1_active_t21_u2,m2_C_d05_r1,2,C,True,complete,0,31,21,310,0.061099999999999995,0.061099999999999995,0.009155160080608099,0.0085677489999999995,0.00013665302453671254,2,0.002,m2_C_d05_r1_active,21
m2_C_d05_r1_active_t21_u3,m2_C_d05_r1,2,C,True,complete,0,31,21,310,0.062099999999999989,0.062099999999999989,0.0093320701737282987,0.0085677489999999995,0.00013665302453671254,3,0.0020999999999999999,m2_C_d05_r1_active,21
m2_C_d05_r1_active_t21_u4,m2_C_d05_r1,2,C,True,complete,0,31,21,310,0.063099999999999989,0.063099999999999989,0.0094995163176783155,0.0085677489999999995,0.00013665302453671254,4,0.0021999999999999997,m2_C_d05_r1_active,21
m2_C_d05_r1_active_t21_u5,m2_C_d05_r1,2,C,True,complete,0,31,21,310,0.06409999999999999,0.06409999999999999,0.0096581363264735109,0.0085677489999999995,0.00013665302453671254,5,0.0023,m2_C_d05_r1_active,21
m2_C_d05_r1_active_t21_u6,m2_C_d05_r1,2,C,True,complete,0,31,21,310,0.065099999999999991,0.065099999999999991,0.0098085100309634344,0.0085677489999999995,0.00013665302453671254,6,0.0023999999999999998,m2_C_d05_r1_active,21
m2_M_d05_r1_passive_t16_u0,m2_M_d05_r1,2,M,False,complete,0,31,16,310,0.055800000000000009,0.055800000000000009,0.0080146425428963969,0.0085677489999999995,0.00055310645710360251,0,0.0018,m2_M_d05_r1_passive,16
m2_M_d05_r1_passive_t16_u1,m2_M_d05_r1,2,M,False,complete,0,31,16,310,0.057300000000000004,0.057300000000000004,0.008302244079350634,0.0085677489999999995,0.00026679073429933991,1,0.0019,m2_M_d05_r1_passive,16
m2_M_d05_r1_passive_t16_u2,m2_M_d05_r1,2,M,False,complete,0,31,16,310,0.058800000000000005,0.058800000000000005,0.0085740018441289988,0.0085677489999999995,0.0002024403532474416,2,0.002,m2_M_d05_r1_passive,16
m2_M_d05_r1_passive_t16_u3,m2_M_d05_r1,2,M,False,complete,0,31,16,310,0.060299999999999999,0.060299999999999999,0.0088310074437870159,0.0085677489999999995,0.00020198865177024973,3,0.0020999999999999999,m2_M_d05_r1_passive,16
m2_M_d05_r1_passive_t16_u4,m2_M_d05_r1,2,M,False,complete,0,31,16,310,0.061800000000000001,0.061800000000000001,0.0090742492626506369,0.0085677489999999995,0.00020145050302032333,4,0.0021999999999999997,m2_M_d05_r1_passive,16
m2_M_d05_r1_passive_t16_u5,m2_M_d05_r1,2,M,False,complete,0,31,16,310,0.063299999999999995,0.063299999999999995,0.0093046262108719951,0.0085677489999999995,0.00020103956262263947,5,0.0023,m2_M_d05_r1_passive,16
m2_M_d05_r1_passive_t16_u6,m2_M_d05_r1,2,M,False,complete,0,31,16,310,0.064799999999999996,0.064799999999999996,0.009522958809826839,0.0085677489999999995,0.00020099503748911095,6,0.0023999999999999998,m2_M_d05_r1_passive,16
m2_M_d05_r1_passive_t21_u0,m2_M_d05_r1,2,M,False,complete,0,31,21,310,0.055800000000000009,0.055800000000000009,0.008014642542938915,0.0085677489999999995,0.00055310645706108368,0,0.0018,m2_M_d05_r1_passive,21
m2_M_d05_r1_passive_t21_u1,m2_M_d05_r1,2,M,False,complete,0,31,21,310,0.056800000000000003,0.056800000000000003,0.0082025410901177022,0.0085677489999999995,0.00036520790988229737,1,0.0019,m2_M_d05_r1_passive,21
m2_M_d05_r1_passive_t21_u2,m2_M_d05_r1,2,M,False,complete,0,31,21,310,0.057800000000000004,0.057800000000000004,0.0083801817240080172,0.0085677489999999995,0.00030440025859728359,2,0.002,m2_M_d05_r1_passive,21
m2_M_d05_r1_passive_t21_u3,m2_M_d05_r1,2,M,False,complete,0,31,21,310,0.058799999999999998,0.058799999999999998,0.0085482654617870402,0.0085677489999999995,0.00030395606988010417,3,0.0020999999999999999,m2_M_d05_r1_passive,21
m2_M_d05_r1_passive_t21_u4,m2_M_d05_r1,2,M,False,complete,0,31,21,310,0.059799999999999999,0.059799999999999999,0.0087074270087960284,0.0085677489999999995,0.00030342666733257823,4,0.0021999999999999997,m2_M_d05_r1_passive,21
m2_M_d05_r1_passive_t21_u5,m2_M_d05_r1,2,M,False,complete,0,31,21,310,0.060800000000000007,0.060800000000000007,0.008858243588221737,0.0085677489999999995,0.00030280876152487246,5,0.0023,m2_M_d05_r1_passive,21
m2_M_d05_r1_passive_t21_u6,m2_M_d05_r1,2,M,False,complete,0,31,21,310,0.061800000000000001,0.061800000000000001,0.0090012419793055881,0.0085677489999999995,0.0003025837463587575,6,0.0023999999999999998,m2_M_d05_r1_passive,21
m2_M_d05_r1_active_t16_u0,m2_M_d05_r1,2,M,True,complete,0,31,16,310,0.057599999999999998,0.057599999999999998,0.0083608302487573598,0.0085677489999999995,0.00045195713718723597,0,0.0018,m2_M_d05_r1_active,16
m2_M_d05_r1_active_t16_u1,m2_M_d05_r1,2,M,True,complete,0,31,16,310,0.059099999999999993,0.059099999999999993,0.0086479738794244271,0.0085677489999999995,0.00016747809061729469,1,0.0019,m2_M_d05_r1_active,16
m2_M_d05_r1_active_t16_u2,m2_M_d05_r1,2,M,True,complete,0,31,16,310,0.060599999999999994,0.060599999999999994,0.0089192907665960608,0.0085677489999999995,0.00010402510839414726,2,0.002,m2_M_d05_r1_active,16
m2_M_d05_r1_active_t16_u3,m2_M_d05_r1,2,M,True,complete,0,31,16,310,0.062099999999999989,0.062099999999999989,0.0091758715775581961,0.0085677489999999995,0.00010402510839414726,3,0.0020999999999999999,m2_M_d05_r1_active,16
m2_M_d05_r1_active_t16_u4,m2_M_d05_r1,2,M,True,complete,0,31,16,310,0.06359999999999999,0.06359999999999999,0.0094187045351403469,0.0085677489999999995,0.00010402510839414726,4,0.0021999999999999997,m2_M_d05_r1_active,16
m2_M_d05_r1_active_t16_u5,m2_M_d05_r1,2,M,True,complete,0,31,16,310,0.065099999999999991,0.065099999999999991,0.0096486884670138433,0.0085677489999999995,0.00010402510839414726,5,0.0023,m2_M_d05_r1_active,16
m2_M_d05_r1_active_t16_u6,m2_M_d05_r1,2,M,True,complete,0,31,16,310,0.066599999999999993,0.066599999999999993,0.0098666444949374703,0.0085677489999999995,0.00010402510839414726,6,0.0023999999999999998,m2_M_d05_r1_active,16
m2_M_d05_r1_active_t21_u0,m2_M_d05_r1,2,M,True,complete,0,31,21,310,0.0591,0.0591,0.0086435535354133612,0.0085677489999999995,0.00034968347694569501,0,0.0018,m2_M_d05_r1_active,21
m2_M_d05_r1_active_t21_u1,m2_M_d05_r1,2,M,True,complete,0,31,21,310,0.060099999999999994,0.060099999999999994,0.0088310006315891233,0.0085677489999999995,0.00016341563662035532,1,0.0019,m2_M_d05_r1_active,21
m2_M_d05_r1_active_t21_u2,m2_M_d05_r1,2,M,True,complete,0,31,21,310,0.061099999999999995,0.061099999999999995,0.0090082066178608575,0.0085677489999999995,0.00010402510839414726,2,0.002,m2_M_d05_r1_active,21
m2_M_d05_r1_active_t21_u3,m2_M_d05_r1,2,M,True,complete,0,31,21,310,0.062099999999999989,0.062099999999999989,0.0091758715789608571,0.0085677489999999995,0.00010402510839414726,3,0.0020999999999999999,m2_M_d05_r1_active,21
m2_M_d05_r1_active_t21_u4,m2_M_d05_r1,2,M,True,complete,0,31,21,310,0.063099999999999989,0.063099999999999989,0.0093346300624384745,0.0085677489999999995,0.00010402510839414726,4,0.0021999999999999997,m2_M_d05_r1_active,21
m2_M_d05_r1_active_t21_u5,m2_M_d05_r1,2,M,True,complete,0,31,21,310,0.06409999999999999,0.06409999999999999,0.009485059209714734,0.0085677489999999995,0.00010402510839414726,5,0.0023,m2_M_d05_r1_active,21
m2_M_d05_r1_active_t21_u6,m2_M_d05_r1,2,M,True,complete,0,31,21,310,0.065099999999999991,0.065099999999999991,0.0096276863904391826,0.0085677489999999995,0.00010402510839414726,6,0.0023999999999999998,m2_M_d05_r1_active,21
m2_S_d05_r0_passive_t16_u0,m2_S_d05_r0,2,S,False,complete,0,31,16,310,0.055800000000000009,0.055800000000000009,0.0085677639709470267,0.0085677489999999995,0,0,0.0018,m2_S_d05_r0_passive,16
m2_S_d05_r0_passive_t16_u1,m2_S_d05_r0,2,S,False,complete,0,31,16,310,0.057300000000000004,0.057300000000000004,0.008883489370300833,0.0085677489999999995,0,1,0.0019,m2_S_d05_r0_passive,16
m2_S_d05_r0_passive_t16_u2,m2_S_d05_r0,2,S,False,complete,0,31,16,310,0.058800000000000005,0.058800000000000005,0.0091819073526349937,0.0085677489999999995,0,2,0.002,m2_S_d05_r0_passive,16
m2_S_d05_r0_passive_t16_u3,m2_S_d05_r0,2,S,False,complete,0,31,16,310,0.060299999999999999,0.060299999999999999,0.0094641986896293051,0.0085677489999999995,0,3,0.0020999999999999999,m2_S_d05_r0_passive,16
m2_S_d05_r0_passive_t16_u4,m2_S_d05_r0,2,S,False,complete,0,31,16,310,0.061800000000000001,0.061800000000000001,0.0097314341454232452,0.0085677489999999995,0,4,0.0021999999999999997,m2_S_d05_r0_passive,16
m2_S_d05_r0_passive_t16_u5,m2_S_d05_r0,2,S,False,complete,0,31,16,310,0.063299999999999995,0.063299999999999995,0.0099845889310507425,0.0085677489999999995,0,5,0.0023,m2_S_d05_r0_passive,16
m2_S_d05_r0_passive_t16_u6,m2_S_d05_r0,2,S,False,complete,0,31,16,310,0.064799999999999996,0.064799999999999996,0.010224554357067484,0.0085677489999999995,0,6,0.0023999999999999998,m2_S_d05_r0_passive,16
m2_S_d05_r0_passive_t21_u0,m2_S_d05_r0,2,S,False,complete,0,31,21,310,0.055800000000000009,0.055800000000000009,0.0085677639709470267,0.0085677489999999995,0,0,0.0018,m2_S_d05_r0_passive,21
m2_S_d05_r0_passive_t21_u1,m2_S_d05_r0,2,S,False,complete,0,31,21,310,0.056800000000000003,0.056800000000000003,0.0087755779058035464,0.0085677489999999995,0,1,0.0019,m2_S_d05_r0_passive,21
m2_S_d05_r0_passive_t21_u2,m2_S_d05_r0,2,S,False,complete,0,31,21,310,0.057800000000000004,0.057800000000000004,0.0089721075790185033,0.0085677489999999995,0,2,0.002,m2_S_d05_r0_passive,21
m2_S_d05_r0_passive_t21_u3,m2_S_d05_r0,2,S,False,complete,0,31,21,310,0.058799999999999998,0.058799999999999998,0.0091581158859736309,0.0085677489999999995,0,3,0.0020999999999999999,m2_S_d05_r0_passive,21
m2_S_d05_r0_passive_t21_u4,m2_S_d05_r0,2,S,False,complete,0,31,21,310,0.059799999999999999,0.059799999999999999,0.0093342947138555961,0.0085677489999999995,0,4,0.0021999999999999997,m2_S_d05_r0_passive,21
m2_S_d05_r0_passive_t21_u5,m2_S_d05_r0,2,S,False,complete,0,31,21,310,0.060800000000000007,0.060800000000000007,0.0095012742567235266,0.0085677489999999995,0,5,0.0023,m2_S_d05_r0_passive,21
m2_S_d05_r0_passive_t21_u6,m2_S_d05_r0,2,S,False,complete,0,31,21,310,0.061800000000000001,0.061800000000000001,0.0096596304347876371,0.0085677489999999995,0,6,0.0023999999999999998,m2_S_d05_r0_passive,21
m2_S_d05_r0_active_t16_u0,m2_S_d05_r0,2,S,True,complete,0,31,16,310,0.057599999999999998,0.057599999999999998,0.0089364815271587867,0.0085677489999999995,0,0,0.0018,m2_S_d05_r0_active,16
m2_S_d05_r0_active_t16_u1,m2_S_d05_r0,2,S,True,complete,0,31,16,310,0.059099999999999993,0.059099999999999993,0.0092517163383711819,0.0085677489999999995,0,1,0.0019,m2_S_d05_r0_active,16
m2_S_d05_r0_active_t16_u2,m2_S_d05_r0,2,S,True,complete,0,31,16,310,0.060599999999999994,0.060599999999999994,0.0095496619280665933,0.0085677489999999995,0,2,0.002,m2_S_d05_r0_active,16
m2_S_d05_r0_active_t16_u3,m2_S_d05_r0,2,S,True,complete,0,31,16,310,0.062099999999999989,0.062099999999999989,0.0098314980540163827,0.0085677489999999995,0,3,0.0020999999999999999,m2_S_d05_r0_active,16
m2_S_d05_r0_active_t16_u4,m2_S_d05_r0,2,S,True,complete,0,31,16,310,0.06359999999999999,0.06359999999999999,0.010098295315048869,0.0085677489999999995,0,4,0.0021999999999999997,m2_S_d05_r0_active,16
m2_S_d05_r0_active_t16_u5,m2_S_d05_r0,2,S,True,complete,0,31,16,310,0.065099999999999991,0.065099999999999991,0.010351028836786538,0.0085677489999999995,0,5,0.0023,m2_S_d05_r0_active,16
m2_S_d05_r0_active_t16_u6,m2_S_d05_r0,2,S,True,complete,0,31,16,310,0.066599999999999993,0.066599999999999993,0.010590590574758228,0.0085677489999999995,0,6,0.0023999999999999998,m2_S_d05_r0_active,16
m2_S_d05_r0_active_t21_u0,m2_S_d05_r0,2,S,True,complete,0,31,21,310,0.0591,0.0591,0.0092425643308145077,0.0085677489999999995,0,0,0.0018,m2_S_d05_r0_active,21
m2_S_d05_r0_active_t21_u1,m2_S_d05_r0,2,S,True,complete,0,31,21,310,0.060099999999999994,0.060099999999999994,0.0094498876775296371,0.0085677489999999995,0,1,0.0019,m2_S_d05_r0_active,21
m2_S_d05_r0_active_t21_u2,m2_S_d05_r0,2,S,True,complete,0,31,21,310,0.061099999999999995,0.061099999999999995,0.0096459449581057788,0.0085677489999999995,0,2,0.002,m2_S_d05_r0_active,21
m2_S_d05_r0_active_t21_u3,m2_S_d05_r0,2,S,True,complete,0,31,21,310,0.062099999999999989,0.062099999999999989,0.0098314980540163827,0.0085677489999999995,0,3,0.0020999999999999999,m2_S_d05_r0_active,21
m2_S_d05_r0_active_t21_u4,m2_S_d05_r0,2,S,True,complete,0,31,21,310,0.063099999999999989,0.063099999999999989,0.010007238687136964,0.0085677489999999995,0,4,0.0021999999999999997,m2_S_d05_r0_active,21
m2_S_d05_r0_active_t21_u5,m2_S_d05_r0,2,S,True,complete,0,31,21,310,0.06409999999999999,0.06409999999999999,0.010173796966106808,0.0085677489999999995,0,5,0.0023,m2_S_d05_r0_active,21
m2_S_d05_r0_active_t21_u6,m2_S_d05_r0,2,S,True,complete,0,31,21,310,0.065099999999999991,0.065099999999999991,0.010331749456135518,0.0085677489999999995,0,6,0.0023999999999999998,m2_S_d05_r0_active,21
m2_H_passive_t16_u0,m2_H,2,H,False,complete,0,31,16,310,0.055800000000000009,0.055800000000000009,0.0085677639709470267,0.0085677489999999995,0,0,0.0018,m2_H_passive,16
m2_H_passive_t16_u1,m2_H,2,H,False,complete,0,31,16,310,0.057300000000000004,0.057300000000000004,0.008883489370300833,0.0085677489999999995,0,1,0.0019,m2_H_passive,16
m2_H_passive_t16_u2,m2_H,2,H,False,complete,0,31,16,310,0.058800000000000005,0.058800000000000005,0.0091819073526349937,0.0085677489999999995,0,2,0.002,m2_H_passive,16
m2_H_passive_t16_u3,m2_H,2,H,False,complete,0,31,16,310,0.060299999999999999,0.060299999999999999,0.0094641986896293051,0.0085677489999999995,0,3,0.0020999999999999999,m2_H_passive,16
m2_H_passive_t16_u4,m2_H,2,H,False,complete,0,31,16,310,0.061800000000000001,0.061800000000000001,0.0097314341454232452,0.0085677489999999995,0,4,0.0021999999999999997,m2_H_passive,16
m2_H_passive_t16_u5,m2_H,2,H,False,complete,0,31,16,310,0.063299999999999995,0.063299999999999995,0.0099845889310507425,0.0085677489999999995,0,5,0.0023,m2_H_passive,16
m2_H_passive_t16_u6,m2_H,2,H,False,complete,0,31,16,310,0.064799999999999996,0.064799999999999996,0.010224554357067484,0.0085677489999999995,0,6,0.0023999999999999998,m2_H_passive,16
m2_H_passive_t21_u0,m2_H,2,H,False,complete,0,31,21,310,0.055800000000000009,0.055800000000000009,0.0085677639709470267,0.0085677489999999995,0,0,0.0018,m2_H_passive,21
m2_H_passive_t21_u1,m2_H,2,H,False,complete,0,31,21,310,0.056800000000000003,0.056800000000000003,0.0087755779058035464,0.0085677489999999995,0,1,0.0019,m2_H_passive,21
m2_H_passive_t21_u2,m2_H,2,H,False,complete,0,31,21,310,0.057800000000000004,0.057800000000000004,0.0089721075790185033,0.0085677489999999995,0,2,0.002,m2_H_passive,21
m2_H_passive_t21_u3,m2_H,2,H,False,complete,0,31,21,310,0.058799999999999998,0.058799999999999998,0.0091581158859736309,0.0085677489999999995,0,3,0.0020999999999999999,m2_H_passive,21
m2_H_passive_t21_u4,m2_H,2,H,False,complete,0,31,21,310,0.059799999999999999,0.059799999999999999,0.0093342947138555961,0.0085677489999999995,0,4,0.0021999999999999997,m2_H_passive,21
m2_H_passive_t21_u5,m2_H,2,H,False,complete,0,31,21,310,0.060800000000000007,0.060800000000000007,0.0095012742567235266,0.0085677489999999995,0,5,0.0023,m2_H_passive,21
m2_H_passive_t21_u6,m2_H,2,H,False,complete,0,31,21,310,0.061800000000000001,0.061800000000000001,0.0096596304347876371,0.0085677489999999995,0,6,0.0023999999999999998,m2_H_passive,21
m2_H_active_t16_u0,m2_H,2,H,True,complete,0,31,16,310,0.057599999999999998,0.057599999999999998,0.0089364815271587867,0.0085677489999999995,0,0,0.0018,m2_H_active,16
m2_H_active_t16_u1,m2_H,2,H,True,complete,0,31,16,310,0.059099999999999993,0.059099999999999993,0.0092517163383711819,0.0085677489999999995,0,1,0.0019,m2_H_active,16
m2_H_active_t16_u2,m2_H,2,H,True,complete,0,31,16,310,0.060599999999999994,0.060599999999999994,0.0095496619280665933,0.0085677489999999995,0,2,0.002,m2_H_active,16
m2_H_active_t16_u3,m2_H,2,H,True,complete,0,31,16,310,0.062099999999999989,0.062099999999999989,0.0098314980540163827,0.0085677489999999995,0,3,0.0020999999999999999,m2_H_active,16
m2_H_active_t16_u4,m2_H,2,H,True,complete,0,31,16,310,0.06359999999999999,0.06359999999999999,0.010098295315048869,0.0085677489999999995,0,4,0.0021999999999999997,m2_H_active,16
m2_H_active_t16_u5,m2_H,2,H,True,complete,0,31,16,310,0.065099999999999991,0.065099999999999991,0.010351028836786538,0.0085677489999999995,0,5,0.0023,m2_H_active,16
m2_H_active_t16_u6,m2_H,2,H,True,complete,0,31,16,310,0.066599999999999993,0.066599999999999993,0.010590590574758228,0.0085677489999999995,0,6,0.0023999999999999998,m2_H_active,16
m2_H_active_t21_u0,m2_H,2,H,True,complete,0,31,21,310,0.0591,0.0591,0.0092425643308145077,0.0085677489999999995,0,0,0.0018,m2_H_active,21
m2_H_active_t21_u1,m2_H,2,H,True,complete,0,31,21,310,0.060099999999999994,0.060099999999999994,0.0094498876775296371,0.0085677489999999995,0,1,0.0019,m2_H_active,21
m2_H_active_t21_u2,m2_H,2,H,True,complete,0,31,21,310,0.061099999999999995,0.061099999999999995,0.0096459449581057788,0.0085677489999999995,0,2,0.002,m2_H_active,21
m2_H_active_t21_u3,m2_H,2,H,True,complete,0,31,21,310,0.062099999999999989,0.062099999999999989,0.0098314980540163827,0.0085677489999999995,0,3,0.0020999999999999999,m2_H_active,21
m2_H_active_t21_u4,m2_H,2,H,True,complete,0,31,21,310,0.063099999999999989,0.063099999999999989,0.010007238687136964,0.0085677489999999995,0,4,0.0021999999999999997,m2_H_active,21
m2_H_active_t21_u5,m2_H,2,H,True,complete,0,31,21,310,0.06409999999999999,0.06409999999999999,0.010173796966106808,0.0085677489999999995,0,5,0.0023,m2_H_active,21
m2_H_active_t21_u6,m2_H,2,H,True,complete,0,31,21,310,0.065099999999999991,0.065099999999999991,0.010331749456135518,0.0085677489999999995,0,6,0.0023999999999999998,m2_H_active,21
