case_id,mode,true_h,active,set,episodes,non_nominal_followup_commands,action_rate_pct,nominal_command_mol_min,mean_H2_shortfall_mmol,extra_actual_ethanol_vs_same_pulse_mmol,H2_shortfall_difference_vs_same_pulse_mmol
m1_H,1,H,False,S1,1000,539,53.9,0.0021,9.018353689934739e-06,,
m1_H,1,H,False,S3,1000,544,54.4,0.0021,9.000853047460439e-06,,
m1_H,1,H,False,S4,1000,510,51.0,0.0021,9.119857416285028e-06,,
m1_H,1,H,True,S1,1000,523,52.3,0.0021,5.1425755951601225e-06,0.2614999999999603,-1.756483477704092e-06
m1_H,1,H,True,S3,1000,527,52.7,0.0021,5.123865292702001e-06,0.26349999999996065,-1.7699173857553662e-06
m1_H,1,H,True,S4,1000,498,49.8,0.0021,5.223019924209354e-06,0.24899999999995817,-1.6725215523836288e-06
m1_S_d05_r0,1,S,False,S1,1000,973,97.3,0.0021,7.497539064634433e-06,,
m1_S_d05_r0,1,S,False,S3,1000,967,96.7,0.0021,7.513263259983145e-06,,
m1_S_d05_r0,1,S,False,S4,1000,959,95.9,0.0021,7.546540863562029e-06,,
m1_S_d05_r0,1,S,True,S1,1000,947,94.7,0.0021,3.718581341725066e-06,1.020749999999901,-3.1927893180884617e-06
m1_S_d05_r0,1,S,True,S3,1000,890,89.0,0.0021,3.9346377053543455e-06,0.927999999999902,-2.9943209358153417e-06
m1_S_d05_r0,1,S,True,S4,1000,338,33.8,0.0021,6.052336736772567e-06,0.3449999999999111,-1.1351652303326642e-06
m2_H,2,H,False,S1,1000,594,59.4,0.0018,0.0,,
m2_H,2,H,False,S3,1000,580,58.0,0.0018,0.0,,
m2_H,2,H,False,S4,1000,596,59.6,0.0018,0.0,,
m2_H,2,H,True,S1,1000,520,52.0,0.0018,0.0,0.5199999999998954,0.0
m2_H,2,H,True,S3,1000,517,51.7,0.0018,0.0,0.5169999999998965,0.0
m2_H,2,H,True,S4,1000,525,52.5,0.0018,0.0,0.5249999999998948,0.0
m2_S_d05_r0,2,S,False,S1,1000,984,98.4,0.0018,0.0,,
m2_S_d05_r0,2,S,False,S3,1000,966,96.6,0.0018,0.0,,
m2_S_d05_r0,2,S,False,S4,1000,965,96.5,0.0018,0.0,,
m2_S_d05_r0,2,S,True,S1,1000,0,0.0,0.0018,0.0,-9.520162436160719e-14,0.0
m2_S_d05_r0,2,S,True,S3,1000,11,1.1,0.0018,0.0,0.010999999999909884,0.0
m2_S_d05_r0,2,S,True,S4,1000,17,1.7,0.0018,0.0,0.016999999999920537,0.0
