truth,history,excitation,estimator,seed,final_call,final_correct,calibration_95,time_to_sustained_correct_min
kinpert,H1,active,EKF,0,HEALTHY,False,0.0,
kinpert,H1,active,EKF,1,HEALTHY,False,0.0,
kinpert,H1,active,EKF,2,HEALTHY,False,0.0,
kinpert,H1,active,MHE,0,HEALTHY,False,0.0,
kinpert,H1,active,MHE,1,HEALTHY,False,0.0,
kinpert,H1,active,MHE,2,HEALTHY,False,0.0,
kinpert,H1,passive,EKF,0,HEALTHY,False,0.0,
kinpert,H1,passive,EKF,1,HEALTHY,False,0.0,
kinpert,H1,passive,EKF,2,HEALTHY,False,0.0,
kinpert,H1,passive,MHE,0,HEALTHY,False,0.0,
kinpert,H1,passive,MHE,1,HEALTHY,False,0.0,
kinpert,H1,passive,MHE,2,HEALTHY,False,0.0,
kinpert,H2,active,EKF,0,MEMBRANE,True,0.0,18.0
kinpert,H2,active,EKF,1,MEMBRANE,True,0.0,18.0
kinpert,H2,active,EKF,2,MEMBRANE,True,0.0,17.0
kinpert,H2,active,MHE,0,NOT_ESTABLISHED,False,0.0,
kinpert,H2,active,MHE,1,NOT_ESTABLISHED,False,0.0,
kinpert,H2,active,MHE,2,NOT_ESTABLISHED,False,0.0,
kinpert,H2,passive,EKF,0,MEMBRANE,True,0.0,21.0
kinpert,H2,passive,EKF,1,MEMBRANE,True,0.0,21.0
kinpert,H2,passive,EKF,2,MEMBRANE,True,0.0,20.0
kinpert,H2,passive,MHE,0,NOT_ESTABLISHED,False,0.0,
kinpert,H2,passive,MHE,1,NOT_ESTABLISHED,False,0.0,
kinpert,H2,passive,MHE,2,NOT_ESTABLISHED,False,0.0,
kinpert,H3,active,EKF,0,HEALTHY,False,0.0,
kinpert,H3,active,EKF,1,HEALTHY,False,0.0,
kinpert,H3,active,EKF,2,HEALTHY,False,0.0,
kinpert,H3,active,MHE,0,HEALTHY,False,0.0,
kinpert,H3,active,MHE,1,HEALTHY,False,0.0,
kinpert,H3,active,MHE,2,HEALTHY,False,0.0,
kinpert,H3,passive,EKF,0,HEALTHY,False,0.0,
kinpert,H3,passive,EKF,1,HEALTHY,False,0.0,
kinpert,H3,passive,EKF,2,HEALTHY,False,0.0,
kinpert,H3,passive,MHE,0,HEALTHY,False,0.0,
kinpert,H3,passive,MHE,1,HEALTHY,False,0.0,
kinpert,H3,passive,MHE,2,HEALTHY,False,0.0,
kinpert,H4,active,EKF,0,MEMBRANE,True,0.0,56.0
kinpert,H4,active,EKF,1,MEMBRANE,True,0.0,54.0
kinpert,H4,active,EKF,2,MEMBRANE,True,0.0,54.0
kinpert,H4,active,MHE,0,NOT_ESTABLISHED,False,0.0,
kinpert,H4,active,MHE,1,HEALTHY,False,0.0,
kinpert,H4,active,MHE,2,NOT_ESTABLISHED,False,0.0,
kinpert,H4,passive,EKF,0,MEMBRANE,True,0.0,60.0
kinpert,H4,passive,EKF,1,MEMBRANE,True,0.0,60.0
kinpert,H4,passive,EKF,2,MEMBRANE,True,0.0,60.0
kinpert,H4,passive,MHE,0,HEALTHY,False,0.0,
kinpert,H4,passive,MHE,1,HEALTHY,False,0.0,
kinpert,H4,passive,MHE,2,HEALTHY,False,0.0,
kinpert,H5,active,EKF,0,MEMBRANE,False,0.8536585365853658,
kinpert,H5,active,EKF,1,MEMBRANE,False,0.8292682926829268,
kinpert,H5,active,EKF,2,MEMBRANE,False,0.8536585365853658,
kinpert,H5,active,MHE,0,HEALTHY,True,1.0,1.0
kinpert,H5,active,MHE,1,HEALTHY,True,1.0,1.0
kinpert,H5,active,MHE,2,HEALTHY,True,1.0,1.0
kinpert,H5,passive,EKF,0,HEALTHY,True,0.7560975609756098,31.0
kinpert,H5,passive,EKF,1,HEALTHY,True,0.7317073170731707,58.0
kinpert,H5,passive,EKF,2,HEALTHY,True,0.7317073170731707,55.0
kinpert,H5,passive,MHE,0,HEALTHY,True,1.0,1.0
kinpert,H5,passive,MHE,1,HEALTHY,True,1.0,1.0
kinpert,H5,passive,MHE,2,HEALTHY,True,1.0,1.0
kinpert,H6,active,EKF,0,MEMBRANE,False,0.8536585365853658,
kinpert,H6,active,EKF,1,MEMBRANE,False,0.8292682926829268,
kinpert,H6,active,EKF,2,MEMBRANE,False,0.8536585365853658,
kinpert,H6,active,MHE,0,HEALTHY,True,1.0,1.0
kinpert,H6,active,MHE,1,HEALTHY,True,1.0,1.0
kinpert,H6,active,MHE,2,HEALTHY,True,1.0,1.0
kinpert,H6,passive,EKF,0,HEALTHY,True,0.7317073170731707,31.0
kinpert,H6,passive,EKF,1,HEALTHY,True,0.7317073170731707,58.0
kinpert,H6,passive,EKF,2,HEALTHY,True,0.7317073170731707,55.0
kinpert,H6,passive,MHE,0,HEALTHY,True,1.0,1.0
kinpert,H6,passive,MHE,1,HEALTHY,True,1.0,1.0
kinpert,H6,passive,MHE,2,HEALTHY,True,1.0,1.0
kinpert,H7,active,EKF,0,MEMBRANE,False,0.0,
kinpert,H7,active,EKF,1,MEMBRANE,False,0.0,
kinpert,H7,active,EKF,2,MEMBRANE,False,0.0,
kinpert,H7,active,MHE,0,NOT_ESTABLISHED,False,0.0,
kinpert,H7,active,MHE,1,NOT_ESTABLISHED,False,0.0,
kinpert,H7,active,MHE,2,NOT_ESTABLISHED,False,0.0,
kinpert,H7,passive,EKF,0,MEMBRANE,False,0.0,
kinpert,H7,passive,EKF,1,MEMBRANE,False,0.0,
kinpert,H7,passive,EKF,2,MEMBRANE,False,0.0,
kinpert,H7,passive,MHE,0,NOT_ESTABLISHED,False,0.0,
kinpert,H7,passive,MHE,1,NOT_ESTABLISHED,False,0.0,
kinpert,H7,passive,MHE,2,NOT_ESTABLISHED,False,0.0,
nominal,H1,active,EKF,0,CATALYST,True,0.8536585365853658,48.0
nominal,H1,active,EKF,1,CATALYST,True,0.8780487804878049,11.0
nominal,H1,active,EKF,2,BOTH,False,0.0,
nominal,H1,active,MHE,0,CATALYST,True,0.14634146341463414,19.0
nominal,H1,active,MHE,1,BOTH,False,0.0,
nominal,H1,active,MHE,2,BOTH,False,0.0,
nominal,H1,passive,EKF,0,CATALYST,True,0.8292682926829268,48.0
nominal,H1,passive,EKF,1,CATALYST,True,0.9024390243902439,11.0
nominal,H1,passive,EKF,2,BOTH,False,0.0,
nominal,H1,passive,MHE,0,CATALYST,True,0.17073170731707318,19.0
nominal,H1,passive,MHE,1,BOTH,False,0.0,
nominal,H1,passive,MHE,2,CATALYST,True,0.04878048780487805,36.0
nominal,H2,active,EKF,0,MEMBRANE,True,0.8780487804878049,5.0
nominal,H2,active,EKF,1,BOTH,False,0.0,
nominal,H2,active,EKF,2,MEMBRANE,True,1.0,4.0
nominal,H2,active,MHE,0,NOT_ESTABLISHED,False,0.0,
nominal,H2,active,MHE,1,NOT_ESTABLISHED,False,0.0,
nominal,H2,active,MHE,2,NOT_ESTABLISHED,False,0.0,
nominal,H2,passive,EKF,0,MEMBRANE,True,0.8536585365853658,5.0
nominal,H2,passive,EKF,1,BOTH,False,0.0,
nominal,H2,passive,EKF,2,MEMBRANE,True,1.0,4.0
nominal,H2,passive,MHE,0,MEMBRANE,True,0.0,6.0
nominal,H2,passive,MHE,1,MEMBRANE,True,0.0,6.0
nominal,H2,passive,MHE,2,MEMBRANE,True,0.0,6.0
nominal,H3,active,EKF,0,CATALYST,True,0.926829268292683,24.0
nominal,H3,active,EKF,1,CATALYST,True,0.8536585365853658,16.0
nominal,H3,active,EKF,2,BOTH,False,0.0,
nominal,H3,active,MHE,0,CATALYST,True,0.12195121951219512,20.0
nominal,H3,active,MHE,1,BOTH,False,0.0,
nominal,H3,active,MHE,2,BOTH,False,0.0,
nominal,H3,passive,EKF,0,CATALYST,True,0.9024390243902439,24.0
nominal,H3,passive,EKF,1,CATALYST,True,0.8292682926829268,13.0
nominal,H3,passive,EKF,2,BOTH,False,0.0,
nominal,H3,passive,MHE,0,CATALYST,True,0.36585365853658536,21.0
nominal,H3,passive,MHE,1,BOTH,False,0.0,
nominal,H3,passive,MHE,2,CATALYST,True,0.12195121951219512,35.0
nominal,H4,active,EKF,0,MEMBRANE,True,0.926829268292683,21.0
nominal,H4,active,EKF,1,BOTH,False,0.0,
nominal,H4,active,EKF,2,MEMBRANE,True,0.8536585365853658,21.0
nominal,H4,active,MHE,0,MEMBRANE,True,0.2926829268292683,60.0
nominal,H4,active,MHE,1,MEMBRANE,True,0.5121951219512195,40.0
nominal,H4,active,MHE,2,MEMBRANE,True,0.36585365853658536,46.0
nominal,H4,passive,EKF,0,MEMBRANE,True,0.9512195121951219,21.0
nominal,H4,passive,EKF,1,BOTH,False,0.0,
nominal,H4,passive,EKF,2,MEMBRANE,True,0.8536585365853658,21.0
nominal,H4,passive,MHE,0,MEMBRANE,True,0.7560975609756098,22.0
nominal,H4,passive,MHE,1,MEMBRANE,True,0.7560975609756098,22.0
nominal,H4,passive,MHE,2,MEMBRANE,True,0.7560975609756098,22.0
nominal,H5,active,EKF,0,HEALTHY,True,0.6097560975609756,1.0
nominal,H5,active,EKF,1,HEALTHY,True,0.024390243902439025,39.0
nominal,H5,active,EKF,2,HEALTHY,True,0.8780487804878049,1.0
nominal,H5,active,MHE,0,HEALTHY,True,1.0,1.0
nominal,H5,active,MHE,1,HEALTHY,True,1.0,1.0
nominal,H5,active,MHE,2,HEALTHY,True,1.0,1.0
nominal,H5,passive,EKF,0,HEALTHY,True,0.5609756097560976,1.0
nominal,H5,passive,EKF,1,HEALTHY,True,0.0,36.0
nominal,H5,passive,EKF,2,HEALTHY,True,0.8536585365853658,1.0
nominal,H5,passive,MHE,0,HEALTHY,True,1.0,1.0
nominal,H5,passive,MHE,1,HEALTHY,True,1.0,1.0
nominal,H5,passive,MHE,2,HEALTHY,True,1.0,1.0
nominal,H6,active,EKF,0,NOT_ESTABLISHED,True,0.12195121951219512,1.0
nominal,H6,active,EKF,1,NOT_ESTABLISHED,True,0.0,60.0
nominal,H6,active,EKF,2,MEMBRANE,False,0.1951219512195122,
nominal,H6,active,MHE,0,NOT_ESTABLISHED,True,0.4878048780487805,1.0
nominal,H6,active,MHE,1,NOT_ESTABLISHED,True,0.7804878048780488,1.0
nominal,H6,active,MHE,2,NOT_ESTABLISHED,True,0.3902439024390244,1.0
nominal,H6,passive,EKF,0,NOT_ESTABLISHED,True,0.07317073170731707,1.0
nominal,H6,passive,EKF,1,NOT_ESTABLISHED,True,0.0,39.0
nominal,H6,passive,EKF,2,MEMBRANE,False,0.12195121951219512,
nominal,H6,passive,MHE,0,NOT_ESTABLISHED,True,0.7073170731707317,1.0
nominal,H6,passive,MHE,1,NOT_ESTABLISHED,True,0.8292682926829268,1.0
nominal,H6,passive,MHE,2,NOT_ESTABLISHED,True,0.4634146341463415,1.0
nominal,H7,active,EKF,0,BOTH,True,0.9512195121951219,24.0
nominal,H7,active,EKF,1,BOTH,True,0.6341463414634146,10.0
nominal,H7,active,EKF,2,MEMBRANE,False,0.04878048780487805,
nominal,H7,active,MHE,0,BOTH,True,0.0,60.0
nominal,H7,active,MHE,1,NOT_ESTABLISHED,False,0.0,
nominal,H7,active,MHE,2,BOTH,True,0.0,57.0
nominal,H7,passive,EKF,0,BOTH,True,0.926829268292683,25.0
nominal,H7,passive,EKF,1,BOTH,True,0.5121951219512195,10.0
nominal,H7,passive,EKF,2,MEMBRANE,False,0.04878048780487805,
nominal,H7,passive,MHE,0,BOTH,True,0.0,22.0
nominal,H7,passive,MHE,1,BOTH,True,0.0,33.0
nominal,H7,passive,MHE,2,BOTH,True,0.0,34.0
