0,0.00022735364822829216,0.0020999999999999999,0.00022735400000000001
0.10000000000000001,0.00022735364822829197,0.0020999999999999999,0.00022735400000000001
0.20000000000000001,0.00022735364822829213,0.0020999999999999999,0.00022735400000000001
0.30000000000000004,0.00022735364822829202,0.0020999999999999999,0.00022735400000000001
0.40000000000000002,0.00022735364822829194,0.0020999999999999999,0.00022735400000000001
0.5,0.00022735364822829205,0.0020999999999999999,0.00022735400000000001
0.60000000000000009,0.00022735364822829211,0.0020999999999999999,0.00022735400000000001
0.70000000000000007,0.00022735364822829194,0.0020999999999999999,0.00022735400000000001
0.80000000000000004,0.00022735364822829208,0.0020999999999999999,0.00022735400000000001
0.90000000000000002,0.00022735364822829205,0.0020999999999999999,0.00022735400000000001
1,0.00022735364822829197,0.0020999999999999999,0.00022735400000000001
1.1000000000000001,0.000227353648228292,0.0020999999999999999,0.00022735400000000001
1.2000000000000002,0.00022735364822829211,0.0020999999999999999,0.00022735400000000001
1.3,0.00022735364822829216,0.0020999999999999999,0.00022735400000000001
1.4000000000000001,0.000227353648228292,0.0020999999999999999,0.00022735400000000001
1.5,0.00022735364822829202,0.0020999999999999999,0.00022735400000000001
1.6000000000000001,0.00022735364822829213,0.0020999999999999999,0.00022735400000000001
1.7000000000000002,0.00022735364822829208,0.0020999999999999999,0.00022735400000000001
1.8,0.00022735364822829208,0.0020999999999999999,0.00022735400000000001
1.9000000000000001,0.00022735364822829205,0.0020999999999999999,0.00022735400000000001
2,0.00022765797876705539,0.0023999999999999998,0.00022735400000000001
2.1000000000000001,0.00023341666350415466,0.0023999999999999998,0.00022735400000000001
2.2000000000000002,0.00026218318763086292,0.0023999999999999998,0.00022735400000000001
2.3000000000000003,0.00026535237233599093,0.0023999999999999998,0.00022735400000000001
2.4000000000000004,0.00026531320643621397,0.0023999999999999998,0.00022735400000000001
2.5,0.00026531328879127343,0.0023999999999999998,0.00022735400000000001
2.6000000000000001,0.00026531321763017114,0.0023999999999999998,0.00022735400000000001
2.7000000000000002,0.0002653132201443687,0.0023999999999999998,0.00022735400000000001
2.8000000000000003,0.0002653132200714702,0.0023999999999999998,0.00022735400000000001
2.9000000000000004,0.00026531322007065906,0.0023999999999999998,0.00022735400000000001
3,0.00026531322007066605,0.0023999999999999998,0.00022735400000000001
3.1000000000000001,0.00026531322007066654,0.0023999999999999998,0.00022735400000000001
3.2000000000000002,0.00026531322007066675,0.0023999999999999998,0.00022735400000000001
3.3000000000000003,0.00026531322007066681,0.0023999999999999998,0.00022735400000000001
3.4000000000000004,0.00026531322007066686,0.0023999999999999998,0.00022735400000000001
3.5,0.00026531322007066681,0.0023999999999999998,0.00022735400000000001
3.6000000000000001,0.0002653132200706667,0.0023999999999999998,0.00022735400000000001
3.7000000000000002,0.00026531322007066675,0.0023999999999999998,0.00022735400000000001
3.8000000000000003,0.00026531322007066675,0.0023999999999999998,0.00022735400000000001
3.9000000000000004,0.00026531322007066681,0.0023999999999999998,0.00022735400000000001
4,0.00026531322007066686,0.0023999999999999998,0.00022735400000000001
