t,sp,H2_true,H2_meas,u,a_c,a_m,flag,ac_hat,am_hat
0.1,0.000227354,0.00022722031476700829,0.00022722171316844048,0.0021,1.0,0.9994001799640054,,1.0,1.0
0.2,0.000227354,0.00022708850977260254,0.00022742811473727605,0.002100283189661107,1.0,0.9988007197120864,,1.0,1.0
0.30000000000000004,0.000227354,0.00022696214118833578,0.00022665050949849567,0.0021001107094955037,1.0,0.9982016190284373,,1.0,1.0
0.4,0.000227354,0.00022684302568527371,0.0002258306276007296,0.002101121111856262,1.0,0.9976028776973818,,1.0,1.0
0.5,0.000227354,0.00022674184785131225,0.00022622499174285258,0.0021031653718510315,1.0,0.997004495503373,,1.0,1.0
0.6000000000000001,0.000227354,0.0002267212610510314,0.00022559398699670806,0.0021041683908238334,1.0,0.9964064722309933,,1.0,1.0
0.7000000000000001,0.000227354,0.00022678597476512803,0.00022685434420825271,0.0021060807941973327,1.0,0.9958088076649545,,1.0,1.0
0.8,0.000227354,0.00022685103560838744,0.00022837455209307646,0.00210612283030733,1.0,0.9952115015900972,,1.0,1.0
0.9,0.000227354,0.00022688949975316545,0.00022632997414907184,0.0021041709347260303,1.0,0.9946145537913912,,1.0,1.0
1.0,0.000227354,0.00022680749191639397,0.00022610215466452565,0.0021060362300561793,1.0,0.9940179640539353,,1.0,1.0
1.1,0.000227354,0.00022661644463000443,0.00022717328237739347,0.002107871798526007,1.0,0.9934217321629571,,1.0,1.0
1.2000000000000002,0.000227354,0.0002265698332449487,0.00022697553168921482,0.0021073986533253347,1.0,0.9928258579038134,,1.0,1.0
1.3,0.000227354,0.00022659525643745418,0.00022671508819328753,0.0021076294142896982,1.0,0.9922303410619892,,1.0,1.0
1.4000000000000001,0.000227354,0.00022653369104193652,0.00022547596288275358,0.0021085590657487587,1.0,0.9916351814230984,,1.0,1.0
1.5,0.000227354,0.00022643975941698534,0.00022640650682276376,0.0021110851736756806,1.0,0.9910403787728836,,1.0,1.0
1.6,0.000227354,0.00022643469987692868,0.00022722509968929301,0.0021117301575382555,1.0,0.990445932897216,,1.0,1.0
1.7000000000000002,0.000227354,0.00022651441414915026,0.000224986351378233,0.0021112206342280963,1.0,0.9898518435820949,,1.0,1.0
1.8,0.000227354,0.00022652646955617092,0.00022600626568749322,0.0021146228698556927,1.0,0.9892581106136482,,1.0,1.0
1.9000000000000001,0.000227354,0.00022649377222988253,0.00022433251925595913,0.0021159515282898962,1.0,0.9886647337781319,,1.0,1.0
2.0,0.000227354,0.0002265991291163457,0.00022513322129989033,0.002119440082293174,1.0,0.9880717128619305,,1.0,1.0
2.1,0.000227354,0.00022676875464160476,0.00022467512550269426,0.002121600721472372,1.0,0.9874790476515565,,1.0,1.0
2.2,0.000227354,0.0002269967244681632,0.00022672947992309142,0.002124331191841177,1.0,0.9868867379336502,,1.0,1.0
2.3000000000000003,0.000227354,0.0002272092496499305,0.00022576845451321976,0.002124101671175705,1.0,0.9862947834949802,,1.0,1.0
2.4000000000000004,0.000227354,0.00022735273374221076,0.0002276610989273885,0.002125865022514967,1.0,0.985703184122443,,1.0,1.0
2.5,0.000227354,0.00022737125186043014,0.00022754944179317196,0.002124978862377416,1.0,0.9851119396030626,,1.0,1.0
2.6,0.000227354,0.00022733300065468066,0.00022712050316475366,0.0021245047221354956,1.0,0.9845210497239912,,1.0,1.0
2.7,0.000227354,0.000227206866752744,0.00022434588981627454,0.0021250893715708294,1.0,0.9839305142725083,,1.0,1.0
2.8000000000000003,0.000227354,0.0002270445472344772,0.00022643217731126562,0.002129571554528783,1.0,0.9833403330360212,,1.0,1.0
2.9000000000000004,0.000227354,0.00022702979911672395,0.00022697466469702037,0.002129862895453897,1.0,0.9827505058020646,,1.0,1.0
3.0,0.000227354,0.00022720505903436801,0.000227333865290387,0.0021294105564071313,1.0,0.9821610323583008,,1.0,1.0
3.1,0.000227354,0.00022727336134123444,0.00022553394890708088,0.002129351619225515,1.0,0.9815719124925191,,1.0,1.0
3.2,0.000227354,0.00022714773470930172,0.00022660463911770463,0.002132151386377109,1.0,0.9809831459926365,,1.0,1.0
3.3000000000000003,0.000227354,0.000227058433992092,0.00022594608285972956,0.0021326835261945135,1.0,0.9803947326466971,,1.0,1.0
3.4000000000000004,0.000227354,0.00022711256792531736,0.00022619310601665552,0.002134093046868398,1.0,0.9798066722428721,,1.0,1.0
3.5,0.000227354,0.00022715630060689471,0.0002283622983350013,0.002135334168529963,1.0,0.9792189645694596,,1.0,1.0
3.6,0.000227354,0.00022717297987523953,0.00022625499868236248,0.00213322765553681,1.0,0.9786316094148849,,1.0,1.0
3.7,0.000227354,0.00022712993330112853,0.00022709296360259762,0.0021350306309287585,1.0,0.9780446065677002,,1.0,1.0
3.8000000000000003,0.000227354,0.00022697248200410588,0.00022797782987365106,0.0021354274596059254,1.0,0.9774579558165845,,1.0,1.0
3.9000000000000004,0.000227354,0.00022688048863780597,0.00022621706917387636,0.0021340809526994645,1.0,0.9768716569503434,,1.0,1.0
4.0,0.000227354,0.00022679807824833742,0.00022667109882310864,0.0021359527267823756,1.0,0.9762857097579093,,1.0,1.0
4.1000000000000005,0.000227354,0.00022665999509946386,0.00022678556742358557,0.0021368338537722143,1.0,0.9757001140283413,,1.0,1.0
4.2,0.000227354,0.00022661488502369605,0.00022668739023121599,0.0021371389885497137,1.0,0.9751148695508249,,1.0,1.0
4.3,0.000227354,0.00022660334731061706,0.00022521074059882022,0.002137839842096288,1.0,0.9745299761146721,,1.0,1.0
4.4,0.000227354,0.00022655907001030583,0.0002266456239399915,0.002140815653854629,1.0,0.9739454335093212,,1.0,1.0
4.5,0.000227354,0.00022656271067816722,0.00022810738037930034,0.0021410723562982647,1.0,0.9733612415243368,,1.0,1.0
4.6000000000000005,0.000227354,0.000226641460091534,0.00022488271243577789,0.002139235074626078,1.0,0.9727773999494099,,1.0,1.0
4.7,0.000227354,0.0002266102134834657,0.000227587133941728,0.002143216221899473,1.0,0.9721939085743575,,1.0,1.0
4.800000000000001,0.000227354,0.00022647380864569593,0.00022660948672148705,0.002142360930737935,1.0,0.9716107671891228,,1.0,1.0
4.9,0.000227354,0.00022651466217876118,0.0002257854578788519,0.002142885182361587,1.0,0.9710279755837746,,1.0,1.0
5.0,0.00026145709999999997,0.00022648702289390668,0.00022876103641129234,0.0021452090709054876,1.0,0.9704455335485082,INFEASIBLE,1.0,1.0
5.1000000000000005,0.00026145709999999997,0.00022666525852451402,0.00022753177249742055,0.0024,1.0,0.9698634408736443,INFEASIBLE,1.0,1.0
5.2,0.00026145709999999997,0.000230332885652624,0.00022896957000737784,0.0024,1.0,0.9692816973496297,INFEASIBLE,1.0,1.0
5.300000000000001,0.00026145709999999997,0.00025400297672655714,0.00025408768453993766,0.0024,1.0,0.9687003027670364,INFEASIBLE,1.0,1.0
5.4,0.00026145709999999997,0.0002570216564054299,0.0002576772198234587,0.0024,1.0,0.9681192569165628,INFEASIBLE,1.0,1.0
5.5,0.00026145709999999997,0.0002568787712817246,0.00025666416942508966,0.0024,1.0,0.967538559589032,INFEASIBLE,1.0,1.0
5.6000000000000005,0.00026145709999999997,0.00025672734329783915,0.0002575036552022786,0.0024,1.0,0.9669582105753931,INFEASIBLE,1.0,1.0
5.7,0.00026145709999999997,0.00025657650551614794,0.0002565008906221217,0.0024,1.0,0.9663782096667205,INFEASIBLE,1.0,1.0
5.800000000000001,0.00026145709999999997,0.0002564257741027518,0.0002571842811124814,0.0024,1.0,0.9657985566542139,INFEASIBLE,1.0,1.0
5.9,0.00026145709999999997,0.0002562751286500355,0.00025791039797655246,0.0024,1.0,0.965219251329198,INFEASIBLE,1.0,1.0
6.0,0.00026145709999999997,0.00025612456977703994,0.00025535649719996424,0.0024,1.0,0.9646402934831231,INFEASIBLE,1.0,1.0
6.1000000000000005,0.00026145709999999997,0.0002559740974380857,0.0002562050193162183,0.0024,1.0,0.9640616829075641,INFEASIBLE,1.0,1.0
6.2,0.00026145709999999997,0.00025582371158529375,0.0002552970374315122,0.0024,1.0,0.9634834193942216,INFEASIBLE,1.0,1.0
6.300000000000001,0.00026145709999999997,0.0002556734121712855,0.0002558180870831147,0.0024,1.0,0.9629055027349203,INFEASIBLE,1.0,1.0
6.4,0.00026145709999999997,0.0002555231991487022,0.000254173632025278,0.0024,1.0,0.9623279327216104,INFEASIBLE,1.0,1.0
6.5,0.00026145709999999997,0.00025537307247020696,0.0002547145397943506,0.0024,1.0,0.9617507091463667,INFEASIBLE,1.0,1.0
6.6000000000000005,0.00026145709999999997,0.00025522303208848644,0.00025500000239248147,0.0024,1.0,0.9611738318013887,INFEASIBLE,1.0,1.0
6.7,0.00026145709999999997,0.00025507307795625026,0.00025609476576313785,0.0024,1.0,0.9605973004790005,INFEASIBLE,1.0,1.0
6.800000000000001,0.00026145709999999997,0.00025492321002623094,0.0002562250640476446,0.0024,1.0,0.9600211149716509,INFEASIBLE,1.0,1.0
6.9,0.00026145709999999997,0.00025477342825118405,0.00025326888156252173,0.0024,1.0,0.959445275071913,INFEASIBLE,1.0,1.0
7.0,0.00026145709999999997,0.00025462373258388835,0.0002537204069815052,0.0024,1.0,0.9588697805724845,INFEASIBLE,1.0,1.0
7.1000000000000005,0.00026145709999999997,0.0002544741229771456,0.0002552095033808244,0.0024,1.0,0.9582946312661874,INFEASIBLE,1.0,1.0
7.2,0.00026145709999999997,0.00025432459938378024,0.0002520596763457242,0.0024,1.0,0.9577198269459679,INFEASIBLE,1.0,1.0
7.300000000000001,0.00026145709999999997,0.0002541751617566404,0.0002536486441492585,0.0024,1.0,0.9571453674048964,INFEASIBLE,1.0,1.0
7.4,0.00026145709999999997,0.00025402581004859673,0.0002539152171901027,0.0024,1.0,0.9565712524361676,INFEASIBLE,1.0,1.0
7.5,0.00026145709999999997,0.000253876544212543,0.00025530548112827334,0.0024,1.0,0.9559974818331,INFEASIBLE,1.0,1.0
7.6000000000000005,0.00026145709999999997,0.00025372736420139585,0.0002545110578734477,0.0024,1.0,0.955424055389136,INFEASIBLE,1.0,1.0
7.7,0.00026145709999999997,0.00025357826996809515,0.00025320630356838914,0.0024,1.0,0.9548509728978424,INFEASIBLE,1.0,1.0
7.800000000000001,0.00026145709999999997,0.00025342926146560357,0.0002530102754464676,0.0024,1.0,0.9542782341529094,INFEASIBLE,1.0,1.0
7.9,0.00026145709999999997,0.00025328033864690694,0.0002529959240214602,0.0024,1.0,0.9537058389481509,INFEASIBLE,1.0,1.0
8.0,0.00026145709999999997,0.0002531315014650137,0.00025486340398157023,0.0024,1.0,0.9531337870775047,INFEASIBLE,1.0,1.0
8.1,0.00026145709999999997,0.00025298274987295557,0.000252496183958987,0.0024,1.0,0.9525620783350323,INFEASIBLE,1.0,1.0
8.200000000000001,0.00026145709999999997,0.00025283408382378706,0.0002524888690687057,0.0024,1.0,0.9519907125149182,INFEASIBLE,1.0,1.0
8.3,0.00026145709999999997,0.00025268550327058585,0.0002530863159446037,0.0024,1.0,0.951419689411471,INFEASIBLE,1.0,1.0
8.4,0.00026145709999999997,0.00025253700816645227,0.00025239971994759134,0.0024,1.0,0.9508490088191223,INFEASIBLE,1.0,1.0
8.5,0.00026145709999999997,0.0002523885984645097,0.0002521643316726851,0.0024,1.0,0.950278670532427,INFEASIBLE,1.0,1.0
8.6,0.00026145709999999997,0.00025224027411790447,0.00025097383601158465,0.0024,1.0,0.9497086743460633,INFEASIBLE,1.0,1.0
8.700000000000001,0.00026145709999999997,0.00025209203507980553,0.0002520789378205833,0.0024,1.0,0.9491390200548326,INFEASIBLE,1.0,1.0
8.8,0.00026145709999999997,0.00025194388130340533,0.0002514396314765647,0.0024,1.0,0.9485697074536594,INFEASIBLE,1.0,1.0
8.9,0.00026145709999999997,0.00025179581274191855,0.0002531214318140583,0.0024,1.0,0.9480007363375912,INFEASIBLE,1.0,1.0
9.0,0.00026145709999999997,0.0002516478293485834,0.00025239024076579897,0.0024,1.0,0.9474321065017983,INFEASIBLE,1.0,1.0
9.1,0.00026145709999999997,0.0002514999310766604,0.0002514724853416991,0.0024,1.0,0.9468638177415739,INFEASIBLE,1.0,1.0
9.200000000000001,0.00026145709999999997,0.00025135211787943315,0.0002521119133752528,0.0024,1.0,0.9462958698523342,INFEASIBLE,1.0,1.0
9.3,0.00026145709999999997,0.00025120438971020827,0.0002508180361999073,0.0024,1.0,0.9457282626296178,INFEASIBLE,1.0,1.0
9.4,0.00026145709999999997,0.0002510567465223152,0.0002522527722027842,0.0024,1.0,0.9451609958690862,INFEASIBLE,1.0,1.0
9.5,0.00026145709999999997,0.000250909188269106,0.0002509030502105213,0.0024,1.0,0.9445940693665233,INFEASIBLE,1.0,1.0
9.600000000000001,0.00026145709999999997,0.00025076171490395576,0.00025142488646271745,0.0024,1.0,0.9440274829178357,INFEASIBLE,1.0,1.0
9.700000000000001,0.00026145709999999997,0.00025061432638026236,0.000249146877665776,0.0024,1.0,0.943461236319052,INFEASIBLE,1.0,1.0
9.8,0.00026145709999999997,0.00025046702265144635,0.0002508611181306099,0.0024,1.0,0.9428953293663236,INFEASIBLE,1.0,1.0
9.9,0.00026145709999999997,0.00025031980367095155,0.0002484007038764528,0.0024,1.0,0.9423297618559239,INFEASIBLE,1.0,1.0
10.0,0.00026145709999999997,0.00025017266939224417,0.0002478589685075048,0.0024,1.0,0.9417645335842487,INFEASIBLE,1.0,1.0
10.100000000000001,0.00026145709999999997,0.0002500256197688133,0.00024967949958853725,0.0024,1.0,0.9411996443478158,INFEASIBLE,1.0,1.0
10.200000000000001,0.00026145709999999997,0.00024987865475417095,0.0002488556440476811,0.0024,1.0,0.9406350939432649,INFEASIBLE,1.0,1.0
10.3,0.00026145709999999997,0.00024973177430185185,0.0002499182645984336,0.0024,1.0,0.9400708821673581,INFEASIBLE,1.0,1.0
10.4,0.00026145709999999997,0.00024958497836541344,0.000252136750355704,0.0024,1.0,0.939507008816979,INFEASIBLE,1.0,1.0
10.5,0.00026145709999999997,0.00024943826689843607,0.00024849278893750225,0.0024,1.0,0.9389434736891332,INFEASIBLE,1.0,1.0
10.600000000000001,0.00026145709999999997,0.0002492916398545227,0.0002485823595037608,0.0024,1.0,0.9383802765809481,INFEASIBLE,1.0,1.0
10.700000000000001,0.00026145709999999997,0.00024914509718729927,0.0002493785942310672,0.0024,1.0,0.9378174172896727,INFEASIBLE,1.0,1.0
10.8,0.00026145709999999997,0.0002489986388504142,0.000249559081569693,0.0024,1.0,0.9372548956126776,INFEASIBLE,1.0,1.0
10.9,0.00026145709999999997,0.00024885226479753886,0.0002486517316739992,0.0024,1.0,0.9366927113474551,INFEASIBLE,1.0,1.0
11.0,0.00026145709999999997,0.0002487059749823673,0.0002484718795608453,0.0024,1.0,0.9361308642916188,INFEASIBLE,1.0,1.0
11.100000000000001,0.00026145709999999997,0.0002485597693586163,0.0002493583081721087,0.0024,1.0,0.9355693542429038,INFEASIBLE,1.0,1.0
11.200000000000001,0.00026145709999999997,0.0002484136478800253,0.00024900466328457634,0.0024,1.0,0.9350081809991664,INFEASIBLE,1.0,1.0
11.3,0.00026145709999999997,0.0002482676105003564,0.00024709255882473,0.0024,1.0,0.9344473443583842,INFEASIBLE,1.0,1.0
11.4,0.00026145709999999997,0.00024812165717339466,0.00024803164622583175,0.0024,1.0,0.9338868441186561,INFEASIBLE,1.0,1.0
11.5,0.00026145709999999997,0.0002479757878529476,0.0002480159008839005,0.0024,1.0,0.933326680078202,INFEASIBLE,1.0,1.0
11.600000000000001,0.00026145709999999997,0.00024783000249284544,0.00024663129600903866,0.0024,1.0,0.9327668520353627,INFEASIBLE,1.0,1.0
11.700000000000001,0.00026145709999999997,0.0002476843010469412,0.0002479796783414148,0.0024,1.0,0.9322073597886003,INFEASIBLE,1.0,1.0
11.8,0.00026145709999999997,0.00024753868346911046,0.00024656338428455046,0.0024,1.0,0.9316482031364974,INFEASIBLE,1.0,1.0
11.9,0.00026145709999999997,0.00024739314971325177,0.00024849816598481063,0.0024,1.0,0.9310893818777578,INFEASIBLE,1.0,1.0
12.0,0.00026145709999999997,0.00024724769973328577,0.0002474668075043578,0.0024,1.0,0.9305308958112057,INFEASIBLE,1.0,1.0
12.100000000000001,0.00026145709999999997,0.0002471023334831563,0.000247203854416984,0.0024,1.0,0.9299727447357862,INFEASIBLE,1.0,1.0
12.200000000000001,0.00026145709999999997,0.00024695705091682947,0.00024628518761615303,0.0024,1.0,0.9294149284505647,INFEASIBLE,1.0,1.0
12.3,0.00026145709999999997,0.0002468118519882942,0.00024667701989880477,0.0024,1.0,0.9288574467547276,INFEASIBLE,1.0,1.0
12.4,0.00026145709999999997,0.0002466667366515619,0.0002443957585981739,0.0024,1.0,0.9283002994475813,INFEASIBLE,1.0,1.0
12.5,0.00026145709999999997,0.0002465217048606671,0.0002452355547904006,0.0024,1.0,0.9277434863285529,INFEASIBLE,1.0,1.0
12.600000000000001,0.00026145709999999997,0.0002463767565696661,0.0002467892219681899,0.0024,1.0,0.9271870071971895,INFEASIBLE,1.0,1.0
12.700000000000001,0.00026145709999999997,0.00024623189173263844,0.00024381220057650627,0.0024,1.0,0.9266308618531588,INFEASIBLE,1.0,1.0
12.8,0.00026145709999999997,0.0002460871103036861,0.0002470495094726502,0.0024,1.0,0.9260750500962484,INFEASIBLE,1.0,1.0
12.9,0.00026145709999999997,0.00024594241223693347,0.00024395750214662267,0.0024,1.0,0.9255195717263659,INFEASIBLE,1.0,1.0
13.0,0.00026145709999999997,0.0002457977974865279,0.00024665803511420155,0.0024,1.0,0.9249644265435393,INFEASIBLE,1.0,1.0
13.100000000000001,0.00026145709999999997,0.00024565326600663894,0.0002446921303445727,0.0024,1.0,0.9244096143479162,INFEASIBLE,1.0,1.0
13.200000000000001,0.00026145709999999997,0.0002455088177514588,0.0002463943514464068,0.0024,1.0,0.9238551349397642,INFEASIBLE,1.0,1.0
13.3,0.00026145709999999997,0.0002453644526752024,0.0002455133140794486,0.0024,1.0,0.9233009881194709,INFEASIBLE,1.0,1.0
13.4,0.00026145709999999997,0.00024522017073210704,0.0002434731428770319,0.0024,1.0,0.9227471736875432,INFEASIBLE,1.0,1.0
13.5,0.00026145709999999997,0.0002450759718764328,0.0002464959667004683,0.0024,1.0,0.922193691444608,INFEASIBLE,1.0,1.0
13.600000000000001,0.00026145709999999997,0.0002449318560624618,0.0002465707455056452,0.0024,1.0,0.9216405411914118,INFEASIBLE,1.0,1.0
13.700000000000001,0.00026145709999999997,0.0002447878232444992,0.0002447130182015054,0.0024,1.0,0.9210877227288202,INFEASIBLE,1.0,1.0
13.8,0.00026145709999999997,0.00024464387337687257,0.00024433249357615525,0.0024,1.0,0.9205352358578188,INFEASIBLE,1.0,1.0
13.9,0.00026145709999999997,0.0002445000064139318,0.00024431827444302537,0.0024,1.0,0.9199830803795124,INFEASIBLE,1.0,1.0
14.0,0.00026145709999999997,0.0002443562223100495,0.00024324769840408428,0.0024,1.0,0.9194312560951247,INFEASIBLE,1.0,1.0
14.100000000000001,0.00026145709999999997,0.0002442125210196205,0.0002454613614905094,0.0024,1.0,0.9188797628059991,INFEASIBLE,1.0,1.0
14.200000000000001,0.00026145709999999997,0.00024406890249706244,0.00024345175923582953,0.0024,1.0,0.9183286003135981,INFEASIBLE,1.0,1.0
14.3,0.00026145709999999997,0.0002439253666968151,0.00024386717497137958,0.0024,1.0,0.9177777684195032,INFEASIBLE,1.0,1.0
14.4,0.00026145709999999997,0.00024378191357334113,0.000242880118021072,0.0024,1.0,0.9172272669254147,INFEASIBLE,1.0,1.0
14.5,0.00026145709999999997,0.00024363854308112539,0.00024292684196355646,0.0024,1.0,0.9166770956331523,INFEASIBLE,1.0,1.0
14.600000000000001,0.00026145709999999997,0.00024349525517467524,0.00024204277555403274,0.0024,1.0,0.9161272543446541,INFEASIBLE,1.0,1.0
14.700000000000001,0.00026145709999999997,0.0002433520498085205,0.0002447810484922716,0.0024,1.0,0.9155777428619776,INFEASIBLE,1.0,1.0
14.8,0.00026145709999999997,0.00024320892693721329,0.0002430337648066199,0.0024,1.0,0.9150285609872982,INFEASIBLE,1.0,1.0
14.9,0.00026145709999999997,0.00024306588651532856,0.0002441639172338509,0.0024,1.0,0.9144797085229107,INFEASIBLE,1.0,1.0
15.0,0.00026145709999999997,0.00024292292849746323,0.00024293807549949633,0.0024,1.0,0.9139311852712282,INFEASIBLE,1.0,1.0
15.100000000000001,0.00026145709999999997,0.00024278005283823683,0.00024199067574005002,0.0024,1.0,0.9133829910347822,INFEASIBLE,1.0,1.0
15.200000000000001,0.00026145709999999997,0.0002426372594922915,0.00024226589348927874,0.0024,1.0,0.9128351256162228,INFEASIBLE,1.0,1.0
15.3,0.00026145709999999997,0.0002424945484142914,0.00024185769456301122,0.0024,1.0,0.9122875888183186,INFEASIBLE,1.0,1.0
15.4,0.00026145709999999997,0.0002423519195589234,0.00024236096722410382,0.0024,1.0,0.9117403804439562,INFEASIBLE,1.0,1.0
15.5,0.00026145709999999997,0.0002422093728808965,0.00024178278079555694,0.0024,1.0,0.9111935002961405,INFEASIBLE,1.0,1.0
15.600000000000001,0.00026145709999999997,0.00024206690833494237,0.00024172596632591122,0.0024,1.0,0.9106469481779949,INFEASIBLE,1.0,1.0
15.700000000000001,0.00026145709999999997,0.00024192452587581487,0.00024035740353212968,0.0024,1.0,0.9101007238927604,INFEASIBLE,1.0,1.0
15.8,0.00026145709999999997,0.00024178222545829012,0.00024086502721314826,0.0024,1.0,0.9095548272437963,INFEASIBLE,1.0,1.0
15.9,0.00026145709999999997,0.0002416400070371669,0.00024352029003691676,0.0024,1.0,0.9090092580345799,INFEASIBLE,1.0,1.0
16.0,0.00026145709999999997,0.00024149787056726617,0.0002407348327840277,0.0024,1.0,0.9084640160687062,INFEASIBLE,1.0,1.0
16.1,0.00026145709999999997,0.00024135581600343096,0.0002401575538084742,0.0024,1.0,0.907919101149888,INFEASIBLE,1.0,1.0
16.2,0.00026145709999999997,0.00024121384330052712,0.00024159730575560844,0.0024,1.0,0.9073745130819562,INFEASIBLE,1.0,1.0
16.3,0.00026145709999999997,0.00024107195241344264,0.00024267169723173252,0.0024,1.0,0.9068302516688587,INFEASIBLE,1.0,1.0
16.400000000000002,0.00026145709999999997,0.00024093014329708764,0.00023927725209075607,0.0024,1.0,0.9062863167146616,INFEASIBLE,1.0,1.0
16.5,0.00026145709999999997,0.00024078841590639485,0.00024055137452495826,0.0024,1.0,0.9057427080235485,INFEASIBLE,1.0,1.0
16.6,0.00026145709999999997,0.00024064677019631914,0.00023992827181458254,0.0024,1.0,0.90519942539982,INFEASIBLE,1.0,1.0
16.7,0.00026145709999999997,0.00024050520612183766,0.0002385033320140065,0.0024,1.0,0.9046564686478944,INFEASIBLE,1.0,1.0
16.8,0.00026145709999999997,0.00024036372363794983,0.00024119916627323348,0.0024,1.0,0.9041138375723072,INFEASIBLE,1.0,1.0
16.900000000000002,0.00026145709999999997,0.00024022232269967745,0.00024019567235638185,0.0024,1.0,0.9035715319777113,INFEASIBLE,1.0,1.0
17.0,0.00026145709999999997,0.0002400810032620645,0.000240162216207401,0.0024,1.0,0.9030295516688768,INFEASIBLE,1.0,1.0
17.1,0.00026145709999999997,0.00023993976528017738,0.0002390845601676454,0.0024,1.0,0.9024878964506906,INFEASIBLE,1.0,1.0
17.2,0.00026145709999999997,0.00023979860870910444,0.00024031559370207443,0.0024,1.0,0.9019465661281568,INFEASIBLE,1.0,1.0
17.3,0.00026145709999999997,0.00023965753350395656,0.00023904447645597986,0.0024,1.0,0.9014055605063966,INFEASIBLE,1.0,1.0
17.400000000000002,0.00026145709999999997,0.0002395165396198669,0.00023935409153954404,0.0024,1.0,0.900864879390648,INFEASIBLE,1.0,1.0
17.5,0.00026145709999999997,0.0002393756270119904,0.00023811578939126222,0.0024,1.0,0.9003245225862656,INFEASIBLE,1.0,1.0
17.6,0.00026145709999999997,0.00023923479563550486,0.000237852366500783,0.0024,1.0,0.8997844898987211,INFEASIBLE,1.0,1.0
17.7,0.00026145709999999997,0.00023909404544560968,0.0002406122379927591,0.0024,1.0,0.8992447811336026,INFEASIBLE,1.0,1.0
17.8,0.00026145709999999997,0.00023895337639752713,0.00023837691498254892,0.0024,1.0,0.8987053960966152,INFEASIBLE,1.0,1.0
17.900000000000002,0.00026145709999999997,0.00023881278844650102,0.0002391443619251956,0.0024,1.0,0.89816633459358,INFEASIBLE,1.0,1.0
18.0,0.00026145709999999997,0.0002386722815477977,0.00023863386959526722,0.0024,1.0,0.8976275964304349,INFEASIBLE,1.0,1.0
18.1,0.00026145709999999997,0.00023853185565670572,0.00023803037502456175,0.0024,1.0,0.8970891814132342,INFEASIBLE,1.0,1.0
18.2,0.00026145709999999997,0.00023839151072853579,0.00023781407593628554,0.0024,1.0,0.8965510893481485,INFEASIBLE,1.0,1.0
18.3,0.00026145709999999997,0.0002382512467186205,0.0002389675057060981,0.0024,1.0,0.8960133200414647,INFEASIBLE,1.0,1.0
18.400000000000002,0.00026145709999999997,0.00023811106358231525,0.00023776790954550922,0.0024,1.0,0.8954758732995859,INFEASIBLE,1.0,1.0
18.5,0.00026145709999999997,0.00023797096127499686,0.0002377988046790652,0.0024,1.0,0.894938748929031,INFEASIBLE,1.0,1.0
18.6,0.00026145709999999997,0.00023783093975206462,0.0002378562005516366,0.0024,1.0,0.8944019467364355,INFEASIBLE,1.0,1.0
18.7,0.00026145709999999997,0.00023769099896894013,0.000239028418332153,0.0024,1.0,0.8938654665285504,INFEASIBLE,1.0,1.0
18.8,0.00026145709999999997,0.00023755113888106677,0.00023832472334170047,0.0024,1.0,0.8933293081122429,INFEASIBLE,1.0,1.0
18.900000000000002,0.00026145709999999997,0.00023741135944391043,0.0002378462879502556,0.0024,1.0,0.8927934712944959,INFEASIBLE,1.0,1.0
19.0,0.00026145709999999997,0.00023727166061295878,0.00023663100956013662,0.0024,1.0,0.8922579558824083,INFEASIBLE,1.0,1.0
19.1,0.00026145709999999997,0.00023713204234372182,0.00023556106176188008,0.0024,1.0,0.8917227616831944,INFEASIBLE,1.0,1.0
19.200000000000003,0.00026145709999999997,0.00023699250459173151,0.00023807190173223024,0.0024,1.0,0.8911878885041844,INFEASIBLE,1.0,1.0
19.3,0.00026145709999999997,0.0002368530473125418,0.00023795167542131005,0.0024,1.0,0.8906533361528239,INFEASIBLE,1.0,1.0
19.400000000000002,0.00026145709999999997,0.00023671367046172918,0.00023655371737485773,0.0024,1.0,0.890119104436674,INFEASIBLE,1.0,1.0
19.5,0.00026145709999999997,0.0002365743739948916,0.00023719037128951123,0.0024,1.0,0.8895851931634113,INFEASIBLE,1.0,1.0
19.6,0.00026145709999999997,0.0002364351578676495,0.0002373234788880148,0.0024,1.0,0.8890516021408278,INFEASIBLE,1.0,1.0
19.700000000000003,0.00026145709999999997,0.0002362960220356453,0.00023724088758590126,0.0024,1.0,0.8885183311768307,INFEASIBLE,1.0,1.0
19.8,0.00026145709999999997,0.00023615696645454344,0.00023720436754542582,0.0024,1.0,0.8879853800794423,INFEASIBLE,1.0,1.0
19.900000000000002,0.00026145709999999997,0.00023601799108003034,0.0002355000586032883,0.0024,1.0,0.8874527486568003,INFEASIBLE,1.0,1.0
20.0,0.00026145709999999997,0.0002358790958678145,0.00023760127170531828,0.0024,1.0,0.8869204367171575,INFEASIBLE,1.0,1.0
20.1,0.00026145709999999997,0.0002357402807736266,0.00023432319118275914,0.0024,1.0,0.8863884440688815,INFEASIBLE,1.0,1.0
20.200000000000003,0.00026145709999999997,0.00023560154575321912,0.00023658112669545318,0.0024,1.0,0.8858567705204549,INFEASIBLE,1.0,1.0
20.3,0.00026145709999999997,0.00023546289076236654,0.00023602437793184634,0.0024,1.0,0.8853254158804752,INFEASIBLE,1.0,1.0
20.400000000000002,0.00026145709999999997,0.00023532431575686559,0.00023631741975654684,0.0024,1.0,0.8847943799576549,INFEASIBLE,1.0,1.0
20.5,0.00026145709999999997,0.0002351858206925348,0.00023732182096579315,0.0024,1.0,0.8842636625608209,INFEASIBLE,1.0,1.0
20.6,0.00026145709999999997,0.0002350474055252148,0.00023673487860598744,0.0024,1.0,0.8837332634989149,INFEASIBLE,1.0,1.0
20.700000000000003,0.00026145709999999997,0.00023490907021076802,0.00023360726745798243,0.0024,1.0,0.8832031825809934,INFEASIBLE,1.0,1.0
20.8,0.00026145709999999997,0.00023477081470507907,0.00023285118351277798,0.0024,1.0,0.8826734196162271,INFEASIBLE,1.0,1.0
20.900000000000002,0.00026145709999999997,0.0002346326389640544,0.000235561253939715,0.0024,1.0,0.8821439744139014,INFEASIBLE,1.0,1.0
21.0,0.00026145709999999997,0.00023449454294362248,0.0002333407072796272,0.0024,1.0,0.8816148467834161,INFEASIBLE,1.0,1.0
21.1,0.00026145709999999997,0.00023435652659973373,0.0002343424245260809,0.0024,1.0,0.8810860365342851,INFEASIBLE,1.0,1.0
21.200000000000003,0.00026145709999999997,0.00023421858988836047,0.00023517316689239566,0.0024,1.0,0.8805575434761367,INFEASIBLE,1.0,1.0
21.3,0.00026145709999999997,0.000234080732765497,0.00023221211325058977,0.0024,1.0,0.8800293674187135,INFEASIBLE,1.0,1.0
21.400000000000002,0.00026145709999999997,0.00023394295518715957,0.0002315443927061142,0.0024,1.0,0.8795015081718721,INFEASIBLE,1.0,1.0
21.5,0.00026145709999999997,0.00023380525710938604,0.0002341000204567348,0.0024,1.0,0.8789739655455832,INFEASIBLE,1.0,1.0
21.6,0.00026145709999999997,0.00023366763848823677,0.00023371809503597247,0.0024,1.0,0.8784467393499313,INFEASIBLE,1.0,1.0
21.700000000000003,0.00026145709999999997,0.00023353009927979342,0.0002332506777223386,0.0024,1.0,0.877919829395115,INFEASIBLE,1.0,1.0
21.8,0.00026145709999999997,0.00023339263944016015,0.00023343644460357122,0.0024,1.0,0.877393235491447,INFEASIBLE,1.0,1.0
21.900000000000002,0.00026145709999999997,0.00023325525892546237,0.00023227705059847547,0.0024,1.0,0.8768669574493531,INFEASIBLE,1.0,1.0
22.0,0.00026145709999999997,0.0002331179576918478,0.0002313974626544931,0.0024,1.0,0.8763409950793732,INFEASIBLE,1.0,1.0
22.1,0.00026145709999999997,0.00023298073569548593,0.0002327912874606507,0.0024,1.0,0.8758153481921612,INFEASIBLE,1.0,1.0
22.200000000000003,0.00026145709999999997,0.00023284359289256801,0.0002317389836038438,0.0024,1.0,0.8752900165984839,INFEASIBLE,1.0,1.0
22.3,0.00026145709999999997,0.00023270652923930736,0.00023083826897643008,0.0024,1.0,0.8747650001092222,INFEASIBLE,1.0,1.0
22.400000000000002,0.00026145709999999997,0.00023256954469193879,0.0002331443877634665,0.0024,1.0,0.8742402985353699,INFEASIBLE,1.0,1.0
22.5,0.00026145709999999997,0.0002324326392067194,0.00023236284308788792,0.0024,1.0,0.8737159116880344,INFEASIBLE,1.0,1.0
22.6,0.00026145709999999997,0.00023229581273992775,0.00023275794218451584,0.0024,1.0,0.8731918393784367,INFEASIBLE,1.0,1.0
22.700000000000003,0.00026145709999999997,0.00023215906524786463,0.00023103446443729987,0.0024,1.0,0.8726680814179105,INFEASIBLE,1.0,1.0
22.8,0.00026145709999999997,0.00023202239668685195,0.0002312743351940558,0.0024,1.0,0.8721446376179031,INFEASIBLE,1.0,1.0
22.900000000000002,0.00026145709999999997,0.00023188580701323413,0.00023075012487118107,0.0024,1.0,0.8716215077899746,INFEASIBLE,1.0,1.0
23.0,0.00026145709999999997,0.00023174929618337717,0.0002307413883081616,0.0024,1.0,0.8710986917457983,INFEASIBLE,1.0,1.0
23.1,0.00026145709999999997,0.00023161286415366875,0.00023183499801232875,0.0024,1.0,0.8705761892971605,INFEASIBLE,1.0,1.0
23.200000000000003,0.00026145709999999997,0.00023147651088051838,0.0002305864488259073,0.0024,1.0,0.8700540002559602,INFEASIBLE,1.0,1.0
23.3,0.00026145709999999997,0.0002313402363203573,0.0002317450017954995,0.0024,1.0,0.8695321244342095,INFEASIBLE,1.0,1.0
23.400000000000002,0.00026145709999999997,0.00023120404042963874,0.0002315902647729764,0.0024,1.0,0.8690105616440329,INFEASIBLE,1.0,1.0
23.5,0.00026145709999999997,0.0002310679231648375,0.00023337006541989319,0.0024,1.0,0.8684893116976679,INFEASIBLE,1.0,1.0
23.6,0.00026145709999999997,0.00023093188448245006,0.00022934860367878005,0.0024,1.0,0.8679683744074644,INFEASIBLE,1.0,1.0
23.700000000000003,0.00026145709999999997,0.00023079592433899483,0.00023180526512504637,0.0024,1.0,0.8674477495858852,INFEASIBLE,1.0,1.0
23.8,0.00026145709999999997,0.00023066004269101196,0.00023055831546057605,0.0024,1.0,0.8669274370455051,INFEASIBLE,1.0,1.0
23.900000000000002,0.00026145709999999997,0.00023052423949506312,0.0002305082909187421,0.0024,1.0,0.8664074365990118,INFEASIBLE,1.0,1.0
24.0,0.00026145709999999997,0.00023038851470773188,0.0002287403530109031,0.0024,1.0,0.865887748059205,INFEASIBLE,1.0,1.0
24.1,0.00026145709999999997,0.00023025286828562368,0.00022972973376513266,0.0024,1.0,0.8653683712389969,INFEASIBLE,1.0,1.0
24.200000000000003,0.00026145709999999997,0.00023011730018536502,0.0002309621445385302,0.0024,1.0,0.8648493059514116,INFEASIBLE,1.0,1.0
24.3,0.00026145709999999997,0.00022998181036360503,0.0002298880514246469,0.0024,1.0,0.864330552009586,INFEASIBLE,1.0,1.0
24.400000000000002,0.00026145709999999997,0.00022984639877701368,0.0002299385389536661,0.0024,1.0,0.8638121092267684,INFEASIBLE,1.0,1.0
24.5,0.00026145709999999997,0.00022971106538228312,0.00022938058738127684,0.0024,1.0,0.8632939774163194,INFEASIBLE,1.0,1.0
24.6,0.00026145709999999997,0.0002295758101361271,0.0002308882903874087,0.0024,1.0,0.8627761563917117,INFEASIBLE,1.0,1.0
24.700000000000003,0.00026145709999999997,0.0002294406329952808,0.00022941622362524278,0.0024,1.0,0.8622586459665295,INFEASIBLE,1.0,1.0
24.8,0.00026145709999999997,0.00022930553391650155,0.00022680416739249412,0.0024,1.0,0.8617414459544692,INFEASIBLE,1.0,1.0
24.900000000000002,0.00026145709999999997,0.0002291705128565676,0.0002283837855433647,0.0024,1.0,0.8612245561693387,INFEASIBLE,1.0,1.0
25.0,0.00026145709999999997,0.0002290355697722796,0.00022679750085324897,0.0024,1.0,0.8607079764250578,INFEASIBLE,1.0,1.0
25.1,0.00026145709999999997,0.00022890070462045924,0.00022520456697287523,0.0024,1.0,0.8601917065356577,INFEASIBLE,1.0,1.0
25.200000000000003,0.00026145709999999997,0.00022876591735795023,0.00022816329813178955,0.0024,1.0,0.8596757463152812,INFEASIBLE,1.0,1.0
25.3,0.00026145709999999997,0.00022863120794161776,0.00023014715877241903,0.0024,1.0,0.8591600955781827,INFEASIBLE,1.0,1.0
25.400000000000002,0.00026145709999999997,0.00022849657632834853,0.0002285501408240406,0.0024,1.0,0.8586447541387279,INFEASIBLE,1.0,1.0
25.5,0.00026145709999999997,0.000228362022475051,0.00022702910769124425,0.0024,1.0,0.8581297218113938,INFEASIBLE,1.0,1.0
25.6,0.00026145709999999997,0.0002282275463386552,0.00022715818694947875,0.0024,1.0,0.8576149984107688,INFEASIBLE,1.0,1.0
25.700000000000003,0.00026145709999999997,0.00022809314787611263,0.00022937839507786392,0.0024,1.0,0.8571005837515526,INFEASIBLE,1.0,1.0
25.8,0.00026145709999999997,0.0002279588270443965,0.00022813801226107718,0.0024,1.0,0.8565864776485558,INFEASIBLE,1.0,1.0
25.900000000000002,0.00026145709999999997,0.00022782458380050157,0.00022787914789833207,0.0024,1.0,0.8560726799167001,INFEASIBLE,1.0,1.0
26.0,0.00026145709999999997,0.00022769041810144405,0.0002276296443437466,0.0024,1.0,0.8555591903710185,INFEASIBLE,1.0,1.0
26.1,0.00026145709999999997,0.00022755632990426177,0.00022759998216959006,0.0024,1.0,0.8550460088266546,INFEASIBLE,1.0,1.0
26.200000000000003,0.00026145709999999997,0.00022742231916601422,0.00022833788014329053,0.0024,1.0,0.8545331350988632,INFEASIBLE,1.0,1.0
26.3,0.00026145709999999997,0.00022728838584378227,0.00022791652777039774,0.0024,1.0,0.8540205690030096,INFEASIBLE,1.0,1.0
26.400000000000002,0.00026145709999999997,0.00022715452989466843,0.00022739973652651527,0.0024,1.0,0.8535083103545701,INFEASIBLE,1.0,1.0
26.5,0.00026145709999999997,0.00022702075127579673,0.00022583524981293913,0.0024,1.0,0.8529963589691315,INFEASIBLE,1.0,1.0
26.6,0.00026145709999999997,0.00022688704994431257,0.000227468063054999,0.0024,1.0,0.8524847146623914,INFEASIBLE,1.0,1.0
26.700000000000003,0.00026145709999999997,0.00022675342585738294,0.0002259755943065334,0.0024,1.0,0.8519733772501578,INFEASIBLE,1.0,1.0
26.8,0.00026145709999999997,0.0002266198789721965,0.0002278633299211899,0.0024,1.0,0.8514623465483491,INFEASIBLE,1.0,1.0
26.900000000000002,0.00026145709999999997,0.0002264864092459631,0.00022504151680335176,0.0024,1.0,0.8509516223729944,INFEASIBLE,1.0,1.0
27.0,0.00026145709999999997,0.0002263530166359144,0.0002261965732387136,0.0024,1.0,0.850441204540233,INFEASIBLE,1.0,1.0
27.1,0.00026145709999999997,0.00022621970109930326,0.00022621133642019593,0.0024,1.0,0.8499310928663144,INFEASIBLE,1.0,1.0
27.200000000000003,0.00026145709999999997,0.00022608646259340414,0.0002245806452707984,0.0024,1.0,0.8494212871675983,INFEASIBLE,1.0,1.0
27.3,0.00026145709999999997,0.0002259533010755129,0.0002279107867810996,0.0024,1.0,0.8489117872605549,INFEASIBLE,1.0,1.0
27.400000000000002,0.00026145709999999997,0.00022582021650294687,0.00022748036310376451,0.0024,1.0,0.848402592961764,INFEASIBLE,1.0,1.0
27.5,0.00026145709999999997,0.00022568720883304487,0.00022516022072036052,0.0024,1.0,0.8478937040879159,INFEASIBLE,1.0,1.0
27.6,0.00026145709999999997,0.0002255542780231671,0.0002264315474925459,0.0024,1.0,0.8473851204558102,INFEASIBLE,1.0,1.0
27.700000000000003,0.00026145709999999997,0.00022542142403069533,0.00022585189162641433,0.0024,1.0,0.8468768418823571,INFEASIBLE,1.0,1.0
27.8,0.00026145709999999997,0.00022528864681303253,0.00022231763082188554,0.0024,1.0,0.8463688681845762,INFEASIBLE,1.0,1.0
27.900000000000002,0.00026145709999999997,0.00022515594632760305,0.00022544059128056692,0.0024,1.0,0.845861199179597,INFEASIBLE,1.0,1.0
28.0,0.00026145709999999997,0.00022502332253185314,0.0002249535884222211,0.0024,1.0,0.8453538346846587,INFEASIBLE,1.0,1.0
28.1,0.00026145709999999997,0.00022489077538324976,0.000224985374374159,0.0024,1.0,0.84484677451711,INFEASIBLE,1.0,1.0
28.200000000000003,0.00026145709999999997,0.00022475830483928164,0.0002235341457366697,0.0024,1.0,0.8443400184944092,INFEASIBLE,1.0,1.0
28.3,0.00026145709999999997,0.00022462591085745906,0.0002243197252157271,0.0024,1.0,0.8438335664341242,INFEASIBLE,1.0,1.0
28.400000000000002,0.00026145709999999997,0.00022449359339531312,0.00022429095418086302,0.0024,1.0,0.8433274181539322,INFEASIBLE,1.0,1.0
28.5,0.00026145709999999997,0.00022436135241039691,0.00022571194227369735,0.0024,1.0,0.8428215734716199,INFEASIBLE,1.0,1.0
28.6,0.00026145709999999997,0.0002242291878602844,0.0002246093545097251,0.0024,1.0,0.8423160322050831,INFEASIBLE,1.0,1.0
28.700000000000003,0.00026145709999999997,0.00022409709970257113,0.00022409078491088765,0.0024,1.0,0.8418107941723271,INFEASIBLE,1.0,1.0
28.8,0.00026145709999999997,0.000223965087894874,0.00022570317511939924,0.0024,1.0,0.8413058591914659,INFEASIBLE,1.0,1.0
28.900000000000002,0.00026145709999999997,0.00022383315239483104,0.00022320196320571361,0.0024,1.0,0.8408012270807232,INFEASIBLE,1.0,1.0
29.0,0.00026145709999999997,0.0002237012931601019,0.00022325860047242872,0.0024,1.0,0.8402968976584314,INFEASIBLE,1.0,1.0
29.1,0.00026145709999999997,0.00022356951014836736,0.00022150427755412747,0.0024,1.0,0.8397928707430318,INFEASIBLE,1.0,1.0
29.200000000000003,0.00026145709999999997,0.00022343780331732948,0.00022522151577020931,0.0024,1.0,0.8392891461530747,INFEASIBLE,1.0,1.0
29.3,0.00026145709999999997,0.00022330617262471172,0.0002244023967309041,0.0024,1.0,0.8387857237072193,INFEASIBLE,1.0,1.0
29.400000000000002,0.00026145709999999997,0.0002231746180282588,0.00022421686337981839,0.0024,1.0,0.8382826032242334,INFEASIBLE,1.0,1.0
29.5,0.00026145709999999997,0.00022304313948573682,0.0002238035231727043,0.0024,1.0,0.8377797845229938,INFEASIBLE,1.0,1.0
29.6,0.00026145709999999997,0.00022291173695493282,0.00022303695056493124,0.0024,1.0,0.8372772674224858,INFEASIBLE,1.0,1.0
29.700000000000003,0.00026145709999999997,0.0002227804103936556,0.00022302537175504988,0.0024,1.0,0.8367750517418029,INFEASIBLE,1.0,1.0
29.8,0.00026145709999999997,0.00022264915975973477,0.0002223626862281166,0.0024,1.0,0.8362731373001477,INFEASIBLE,1.0,1.0
29.900000000000002,0.00026145709999999997,0.0002225179850110215,0.0002222865381550724,0.0024,1.0,0.8357715239168311,INFEASIBLE,1.0,1.0
30.0,0.00026145709999999997,0.0002223868861053881,0.00022244861682207587,0.0024,1.0,0.835270211411272,INFEASIBLE,1.0,1.0
