case_id,mode,true_h,pulse_end_min,pulse_start_min,post_pulse_command_mol_min,parent_key,branch_path,archived_branch_path,start_min,end_min,decision_min,intervals,actual_ethanol_mol,commanded_ethanol_mol,H2_produced_mol,H2_demand_mol,H2_shortfall_mol
m1_C_d05_r1,1,C,16,10,0.0020999999999999999,m1_C_d05_r1_active,branches/m1_C_d05_r1_t16,dynamic_branches/m1_C_d05_r1_active_t16_u0,0,31,16,310,0.066899999999999987,0.066899999999999987,0.0068986533261415463,0.0070479740000000003,0.00030225982580222915
m1_C_d05_r1,1,C,21,10,0.0020999999999999999,m1_C_d05_r1_active,branches/m1_C_d05_r1_t21,dynamic_branches/m1_C_d05_r1_active_t21_u0,0,31,21,310,0.068399999999999989,0.068399999999999989,0.0070853868010469605,0.0070479740000000003,0.0002396756396489619
m1_M_d05_r1,1,M,16,10,0.0020999999999999999,m1_M_d05_r1_active,branches/m1_M_d05_r1_t16,dynamic_branches/m1_M_d05_r1_active_t16_u0,0,31,16,310,0.066899999999999987,0.066899999999999987,0.0068052849075611859,0.0070479740000000003,0.00037559632036421699
m1_M_d05_r1,1,M,21,10,0.0020999999999999999,m1_M_d05_r1_active,branches/m1_M_d05_r1_t21,dynamic_branches/m1_M_d05_r1_active_t21_u0,0,31,21,310,0.068399999999999989,0.068399999999999989,0.0069807393226096704,0.0070479740000000003,0.000291424401641477
m1_F_d05_r1,1,F,16,10,0.0020999999999999999,m1_F_d05_r1_active,branches/m1_F_d05_r1_t16,dynamic_branches/m1_F_d05_r1_active_t16_u0,0,31,16,310,0.06402867593172655,0.066899999999999987,0.0068798854485017571,0.0070479740000000003,0.0003259651075139184
m1_F_d05_r1,1,F,21,10,0.0020999999999999999,m1_F_d05_r1_active,branches/m1_F_d05_r1_t21,dynamic_branches/m1_F_d05_r1_active_t21_u0,0,31,21,310,0.065459845340957126,0.068399999999999989,0.0070738592452485108,0.0070479740000000003,0.00025646014511336265
m1_S_d05_r0,1,S,16,10,0.0020999999999999999,m1_S_d05_r0_active,branches/m1_S_d05_r0_t16,dynamic_branches/m1_S_d05_r0_active_t16_u0,0,31,16,310,0.066899999999999987,0.066899999999999987,0.0072763123528763289,0.0070479740000000003,8.6525808140733202e-09
m1_S_d05_r0,1,S,21,10,0.0020999999999999999,m1_S_d05_r0_active,branches/m1_S_d05_r0_t21,dynamic_branches/m1_S_d05_r0_active_t21_u0,0,31,21,310,0.068399999999999989,0.068399999999999989,0.0074661102120801319,0.0070479740000000003,6.893782678457367e-09
m1_H,1,H,16,10,0.0020999999999999999,m1_H_active,branches/m1_H_t16,dynamic_branches/m1_H_active_t16_u0,0,31,16,310,0.066899999999999987,0.066899999999999987,0.0072763123528763289,0.0070479740000000003,8.6525808140733202e-09
m1_H,1,H,21,10,0.0020999999999999999,m1_H_active,branches/m1_H_t21,dynamic_branches/m1_H_active_t21_u0,0,31,21,310,0.068399999999999989,0.068399999999999989,0.0074661102120801319,0.0070479740000000003,6.893782678457367e-09
m2_C_d05_r1,2,C,16,10,0.0018,m2_C_d05_r1_active,branches/m2_C_d05_r1_t16,dynamic_branches/m2_C_d05_r1_active_t16_u0,0,31,16,310,0.057599999999999998,0.057599999999999998,0.0084773004517746612,0.0085677489999999995,0.0003561962618661385
m2_C_d05_r1,2,C,21,10,0.0018,m2_C_d05_r1_active,branches/m2_C_d05_r1_t21,dynamic_branches/m2_C_d05_r1_active_t21_u0,0,31,21,310,0.0591,0.0591,0.0087700548634605073,0.0085677489999999995,0.00028295210683174532
m2_M_d05_r1,2,M,16,10,0.0018,m2_M_d05_r1_active,branches/m2_M_d05_r1_t16,dynamic_branches/m2_M_d05_r1_active_t16_u0,0,31,16,310,0.057599999999999998,0.057599999999999998,0.0083608302487573598,0.0085677489999999995,0.00045195713718723597
m2_M_d05_r1,2,M,21,10,0.0018,m2_M_d05_r1_active,branches/m2_M_d05_r1_t21,dynamic_branches/m2_M_d05_r1_active_t21_u0,0,31,21,310,0.0591,0.0591,0.0086435535354133612,0.0085677489999999995,0.00034968347694569501
m2_S_d05_r0,2,S,16,10,0.0018,m2_S_d05_r0_active,branches/m2_S_d05_r0_t16,dynamic_branches/m2_S_d05_r0_active_t16_u0,0,31,16,310,0.057599999999999998,0.057599999999999998,0.0089364815271587867,0.0085677489999999995,0
m2_S_d05_r0,2,S,21,10,0.0018,m2_S_d05_r0_active,branches/m2_S_d05_r0_t21,dynamic_branches/m2_S_d05_r0_active_t21_u0,0,31,21,310,0.0591,0.0591,0.0092425643308145077,0.0085677489999999995,0
m2_H,2,H,16,10,0.0018,m2_H_active,branches/m2_H_t16,dynamic_branches/m2_H_active_t16_u0,0,31,16,310,0.057599999999999998,0.057599999999999998,0.0089364815271587867,0.0085677489999999995,0
m2_H,2,H,21,10,0.0018,m2_H_active,branches/m2_H_t21,dynamic_branches/m2_H_active_t21_u0,0,31,21,310,0.0591,0.0591,0.0092425643308145077,0.0085677489999999995,0
