case_id,mode,true_h,set,trials,stop16_count,stop21_count,non_nominal_action_count,diagnostic_H2_shortfall_mol_mean,diagnostic_H2_shortfall_mol_sd,diagnostic_H2_shortfall_mol_min,diagnostic_H2_shortfall_mol_max,feed_only_H2_shortfall_mol_mean,feed_only_H2_shortfall_mol_sd,feed_only_H2_shortfall_mol_min,feed_only_H2_shortfall_mol_max,difference_H2_shortfall_mol_mean,difference_H2_shortfall_mol_sd,difference_H2_shortfall_mol_min,difference_H2_shortfall_mol_max,diagnostic_actual_ethanol_mol_mean,diagnostic_actual_ethanol_mol_sd,diagnostic_actual_ethanol_mol_min,diagnostic_actual_ethanol_mol_max,feed_only_actual_ethanol_mol_mean,feed_only_actual_ethanol_mol_sd,feed_only_actual_ethanol_mol_min,feed_only_actual_ethanol_mol_max,difference_actual_ethanol_mol_mean,difference_actual_ethanol_mol_sd,difference_actual_ethanol_mol_min,difference_actual_ethanol_mol_max,diagnostic_commanded_ethanol_mol_mean,diagnostic_commanded_ethanol_mol_sd,diagnostic_commanded_ethanol_mol_min,diagnostic_commanded_ethanol_mol_max,feed_only_commanded_ethanol_mol_mean,feed_only_commanded_ethanol_mol_sd,feed_only_commanded_ethanol_mol_min,feed_only_commanded_ethanol_mol_max,difference_commanded_ethanol_mol_mean,difference_commanded_ethanol_mol_sd,difference_commanded_ethanol_mol_min,difference_commanded_ethanol_mol_max,diagnostic_H2_produced_mol_mean,diagnostic_H2_produced_mol_sd,diagnostic_H2_produced_mol_min,diagnostic_H2_produced_mol_max,feed_only_H2_produced_mol_mean,feed_only_H2_produced_mol_sd,feed_only_H2_produced_mol_min,feed_only_H2_produced_mol_max,difference_H2_produced_mol_mean,difference_H2_produced_mol_sd,difference_H2_produced_mol_min,difference_H2_produced_mol_max
m1_C_d05_r1,1,C,S1,1000,3,997,986,0.00011100290154014629,1.5364756281761216e-05,0.0001089002622537,0.00023967563964889999,0.00023986339220742164,3.4244440224736147e-06,0.0002396756396489619,0.00030225982580222915,-0.00012886049066727537,1.5730386097898068e-05,-0.00019030581028182914,-6.1907944048922303e-17,0.069831499999999894,0.00023476128910632387,0.068399999999999905,0.069899999999999907,0.068395499999999998,8.2076101798797072e-05,0.066899999999999987,0.068399999999999989,0.001435999999999918,0.00022125314224424709,-8.3266726846886741e-17,0.0014999999999999181,0.069831499999999894,0.00023476128910632387,0.068399999999999905,0.069899999999999907,0.068395499999999998,8.2076101798797072e-05,0.066899999999999987,0.068399999999999989,0.001435999999999918,0.00022125314224424709,-8.3266726846886741e-17,0.0014999999999999181,0.007267141954049464,2.9302078712287486e-05,0.0070853868010468998,0.0072756291478451003,0.007084826600622247,1.021757046371992e-05,0.0068986533261415463,0.0070853868010469605,0.00018231535342721838,2.772511205490251e-05,-6.0715321659188248e-17,0.00019521636025565409
m1_C_d05_r1,1,C,S3,1000,3,997,966,0.0001137970003867101,2.4895293893113721e-05,0.0001089002622537,0.00030225982580219999,0.00023986339220742164,3.4244440224736147e-06,0.0002396756396489619,0.00030225982580222915,-0.00012606639182071157,2.3678320886414882e-05,-0.0001307753773952619,-2.9165038439860069e-17,0.069801499999999891,0.0003296307121710697,0.066899999999999904,0.069899999999999907,0.068395499999999998,8.2076101798797072e-05,0.066899999999999987,0.068399999999999989,0.0014059999999999179,0.00029875282969915682,-8.3266726846886741e-17,0.0014999999999999181,0.069801499999999891,0.0003296307121710697,0.066899999999999904,0.069899999999999907,0.068395499999999998,8.2076101798797072e-05,0.066899999999999987,0.068399999999999989,0.0014059999999999179,0.00029875282969915682,-8.3266726846886741e-17,0.0014999999999999181,0.007263322185073127,4.1503448421290713e-05,0.0068986533261415003,0.0072756291478451003,0.007084826600622247,1.0217570463719918e-05,0.0068986533261415463,0.0070853868010469605,0.00017849558445088187,3.7655686070601065e-05,-6.0715321659188248e-17,0.00019024234679813987
m1_C_d05_r1,1,C,S4,1000,404,596,995,0.00011001830959411399,9.2608959020529289e-06,0.0001089002622537,0.00023967563964889999,0.00026495965085488181,3.0725267833412595e-05,0.0002396756396489619,0.00030225982580222915,-0.00015494134126076787,3.2645659014532049e-05,-0.00019335956354852915,-6.1907944048922303e-17,0.069499999999999895,0.00044081665045608208,0.068399999999999905,0.069899999999999907,0.067793999999999993,0.0007364144935471513,0.066899999999999987,0.068399999999999989,0.0017059999999999183,0.00043632485533072685,-8.3266726846886741e-17,0.0022499999999999187,0.069499999999999895,0.00044081665045608208,0.068399999999999905,0.069899999999999907,0.067793999999999993,0.0007364144935471513,0.066899999999999987,0.068399999999999989,0.0017059999999999183,0.00043632485533072685,-8.3266726846886741e-17,0.0022499999999999187,0.0072277664940566437,5.2974005799867264e-05,0.0070853868010468998,0.0072756291478451003,0.0070099464771851763,9.1675491567180087e-05,0.0068986533261415463,0.0070853868010469605,0.00021782001687146896,5.6130940188668448e-05,-6.0715321659188248e-17,0.00028817190584905401
m1_F_d05_r1,1,F,S1,1000,26,974,983,0.0001031389201266873,2.0211257301855996e-05,0.000100417945027,0.00025646014511329998,0.00025826727413577713,1.1066217991384843e-05,0.00025646014511336265,0.0003259651075139184,-0.00015512835400908985,2.3184218659975326e-05,-0.00022554716248691838,-6.2666885569662156e-17,0.066838049260065813,0.00021520422436122435,0.065452719220703004,0.066880325569806498,0.065422634936317142,0.0002278633369208237,0.06402867593172655,0.065459845340957126,0.0014154143237486724,0.00022837779905200982,-2.7755575615628914e-17,0.0028480865779528519,0.069855499999999876,0.00022681753943687051,0.068399999999999905,0.069899999999999907,0.068361000000000005,0.00023882218497458757,0.066899999999999987,0.068399999999999989,0.001494499999999918,0.0002406297002712939,-8.3266726846886741e-17,0.0029999999999999194,0.0072663881158162354,2.9459583906321376e-05,0.0070738592452485004,0.0072735662609160001,0.0070688159265330916,3.0883497311250817e-05,0.0068798854485017571,0.0070738592452485108,0.00019757218928313981,3.1917782020655229e-05,-1.0408340855860843e-17,0.00039368081241424307
m1_F_d05_r1,1,F,S3,1000,111,889,984,0.0001029605790440281,1.9610285553157533e-05,0.000100417945027,0.00025646014511329998,0.00026417519593982444,2.184466749242395e-05,0.00025646014511336265,0.0003259651075139184,-0.00016121461689579626,2.9962191396464021e-05,-0.00022554716248691838,-6.2666885569662156e-17,0.066779592027221585,0.00028194598676513426,0.065452719220703004,0.067353818979422997,0.065300985536532533,0.00044980126296307118,0.06402867593172655,0.065459845340957126,0.0014786064906890531,0.00030058122639084429,-2.7755575615628914e-17,0.0028480865779528519,0.069794249999999891,0.00029638198288657819,0.068399999999999905,0.070399999999999893,0.068233500000000002,0.00047143398265292723,0.066899999999999987,0.068399999999999989,0.0015607499999999181,0.00031598541783488124,-8.3266726846886741e-17,0.0029999999999999194,0.0072588638347105125,3.7562767131400616e-05,0.0070738592452485004,0.0073341406836013997,0.0070523281538096188,6.096389302042095e-05,0.0068798854485017571,0.0070738592452485108,0.00020653568090088915,4.2305073677884508e-05,-1.0408340855860843e-17,0.00039368081241424307
m1_F_d05_r1,1,F,S4,1000,344,656,993,0.00010165083897554899,1.3129841775151264e-05,0.000100417945027,0.00025646014511329998,0.00028036985217915378,3.3034231625743572e-05,0.00025646014511336265,0.0003259651075139184,-0.00017871901320360488,3.6141488581063219e-05,-0.00022554716248691838,-6.2666885569662156e-17,0.066629678714737919,0.0003601907554613161,0.065452719220703004,0.067353818979422997,0.064967523064181826,0.00068020440738808898,0.06402867593172655,0.065459845340957126,0.0016621556505561144,0.00038527814502687969,-2.7755575615628914e-17,0.0028480865779528519,0.069637249999999901,0.00037787925350597177,0.068399999999999905,0.070399999999999893,0.067884,0.0007129181245081746,0.066899999999999987,0.068399999999999989,0.0017532499999999183,0.00040430854913407803,-8.3266726846886741e-17,0.0029999999999999194,0.0072396527210260722,4.6936174360671483e-05,0.0070738592452485004,0.0073341406836013997,0.0070071322591676267,9.2191623586950264e-05,0.0068798854485017571,0.0070738592452485108,0.0002325204618584431,5.4326440542689935e-05,-1.0408340855860843e-17,0.00039368081241424307
m1_H,1,H,S1,1000,3,997,523,5.1425755951601221e-09,1.6865668546117337e-09,3.5353056656388356e-09,8.6525808140733186e-09,6.8990590728642127e-09,9.623686321489952e-11,6.893782678457367e-09,8.6525808140733202e-09,-1.7564834777040921e-09,1.6783002912723836e-09,-3.3584770128185314e-09,0,0.068656999999999954,0.00026743695055572887,0.066899999999999904,0.068900000000000003,0.068395499999999998,8.2076101798797072e-05,0.066899999999999987,0.068399999999999989,0.00026149999999996776,0.00024986032134015308,-8.3266726846886741e-17,0.00050000000000001432,0.068656999999999954,0.00026743695055572887,0.066899999999999904,0.068900000000000003,0.068395499999999998,8.2076101798797072e-05,0.066899999999999987,0.068399999999999989,0.00026149999999996776,0.00024986032134015308,-8.3266726846886741e-17,0.00050000000000001432,0.0075004566116611852,3.5505695743901029e-05,0.0072763123528763003,0.0075328708108539002,0.0074655408185025189,1.0385245608803379e-05,0.0072763123528763289,0.0074661102120801319,3.4915793158665537e-05,3.3361649324959077e-05,-3.2092384305570931e-17,6.6760598773768325e-05
m1_H,1,H,S3,1000,0,1000,527,5.1238652927020007e-09,1.6776274127422158e-09,3.5353056656388356e-09,6.893782678457367e-09,6.8937826784573653e-09,1.6551890266215085e-24,6.893782678457367e-09,6.893782678457367e-09,-1.7699173857553663e-09,1.6776274127422158e-09,-3.3584770128185314e-09,0,0.068663499999999947,0.00024976014519965847,0.068399999999999905,0.068900000000000003,0.068400000000000002,1.3884731910229399e-17,0.068399999999999989,0.068399999999999989,0.00026349999999996813,0.00024976014519965847,-8.3266726846886741e-17,0.00050000000000001432,0.068663499999999947,0.00024976014519965847,0.068399999999999905,0.068900000000000003,0.068400000000000002,1.3884731910229399e-17,0.068399999999999989,0.068399999999999989,0.00026349999999996813,0.00024976014519965847,-8.3266726846886741e-17,0.00050000000000001432,0.0075012930476338916,3.3348273686714561e-05,0.0074661102120800998,0.0075328708108539002,0.0074661102120801301,1.7355914887786749e-18,0.0074661102120801319,0.0074661102120801319,3.5182835553760726e-05,3.3348273686714554e-05,-3.2092384305570931e-17,6.6760598773768325e-05
m1_H,1,H,S4,1000,1,999,498,5.2230199242093543e-09,1.6827364555991604e-09,3.5353056656388356e-09,8.6525808140733186e-09,6.8955414765929811e-09,5.5618080530041246e-11,6.893782678457367e-09,8.6525808140733202e-09,-1.6725215523836287e-09,1.6800653152183216e-09,-3.3584770128185314e-09,0,0.068647499999999945,0.00025604552194743394,0.066899999999999904,0.068900000000000003,0.068398500000000015,4.7434164902525737e-05,0.066899999999999987,0.068399999999999989,0.00024899999999996534,0.00025012309281948749,-8.3266726846886741e-17,0.00050000000000001432,0.068647499999999945,0.00025604552194743394,0.066899999999999904,0.068900000000000003,0.068398500000000015,4.7434164902525737e-05,0.066899999999999987,0.068399999999999989,0.00024899999999996534,0.00025012309281948749,-8.3266726846886741e-17,0.00050000000000001432,0.0074991671924102485,3.4117416316707452e-05,0.0072763123528763003,0.0075328708108539002,0.0074659204142209267,6.0019353010796941e-06,0.0072763123528763289,0.0074661102120801319,3.3246778189320525e-05,3.3396734887561175e-05,-3.2092384305570931e-17,6.6760598773768325e-05
m1_M_d05_r1,1,M,S1,1000,890,110,994,8.5453145011345715e-05,1.6012447083776947e-05,8.4111117099518675e-05,0.00029142440164140002,0.00036633740930471555,2.6349709340636167e-05,0.000291424401641477,0.00037559632036421699,-0.00028088426429336987,3.3707013656927356e-05,-0.00029148520326469833,-7.6978354246470815e-17,0.070561249999999881,0.00032060680938842155,0.068399999999999905,0.070899999999999894,0.067064999999999972,0.0004695694788798522,0.066899999999999987,0.068399999999999989,0.0034962499999999079,0.00051520760512280327,-8.3266726846886741e-17,0.0037499999999999062,0.070561249999999881,0.00032060680938842155,0.068399999999999905,0.070899999999999894,0.067064999999999972,0.0004695694788798522,0.066899999999999987,0.068399999999999989,0.0034962499999999079,0.00051520760512280327,-8.3266726846886741e-17,0.0037499999999999062,0.0072272136337717336,3.5079069801699442e-05,0.0069807393226096002,0.0072637238920199004,0.0068245848932165206,5.49253588276574e-05,0.0068052849075611859,0.0069807393226096704,0.00040262874055521582,5.9536871808842857e-05,-7.0256300777060687e-17,0.00043156334981731426
m1_M_d05_r1,1,M,S3,1000,992,8,995,8.5262309162607879e-05,1.4624114683830765e-05,8.4111117099518675e-05,0.00029142440164140002,0.000374922945014435,7.5021425601650274e-06,0.000291424401641477,0.00037559632036421699,-0.00028966063585182721,2.1053959158590199e-05,-0.00029148520326469833,-7.6978354246470815e-17,0.070519499999999888,0.0003139559177947048,0.068399999999999905,0.070899999999999894,0.066911999999999972,0.0001336932080319487,0.066899999999999987,0.068399999999999989,0.0036074999999999085,0.00038057665271083778,-8.3266726846886741e-17,0.0037499999999999062,0.070519499999999888,0.0003139559177947048,0.068399999999999905,0.070899999999999894,0.066911999999999972,0.0001336932080319487,0.066899999999999987,0.068399999999999989,0.0036074999999999085,0.00038057665271083778,-8.3266726846886741e-17,0.0037499999999999062,0.0072227319199295705,3.4274501430471354e-05,0.0069807393226096002,0.0072637238920199004,0.0068066885428815747,1.5638042407467259e-05,0.0068052849075611859,0.0069807393226096704,0.00041604337704799808,4.2439427364198966e-05,-7.0256300777060687e-17,0.00043156334981731426
m1_M_d05_r1,1,M,S4,1000,993,7,1000,8.4225026329646296e-05,2.6210518255466582e-07,8.4111117099518675e-05,8.4827527351980029e-05,0.00037500711693315783,7.0211479934728048e-06,0.000291424401641477,0.00037559632036421699,-0.00029078209060351157,7.0336548421758182e-06,-0.00029148520326469833,-0.00020659687428949697,0.070532999999999887,0.00027410971550846842,0.069899999999999907,0.070899999999999894,0.06691049999999997,0.00012512156251184454,0.066899999999999987,0.068399999999999989,0.0036224999999999079,0.00029339364313125,0.0019999999999999046,0.0037499999999999062,0.070532999999999887,0.00027410971550846842,0.069899999999999907,0.070899999999999894,0.06691049999999997,0.00012512156251184454,0.066899999999999987,0.068399999999999989,0.0036224999999999079,0.00029339364313125,0.0019999999999999046,0.0037499999999999062,0.0072242562442147397,2.9503291437573366e-05,0.0071561206343847003,0.0072637238920199004,0.0068065130884665251,1.4635420373645378e-05,0.0068052849075611859,0.0069807393226096704,0.00041774315574821493,3.2012440519332476e-05,0.00023003167129862986,0.00043156334981731426
m1_S_d05_r0,1,S,S1,1000,10,990,947,3.7185813417250661e-09,7.807352183372845e-10,3.5353056656388356e-09,8.6525808140733186e-09,6.9113706598135249e-09,1.7508576971597075e-10,6.893782678457367e-09,8.6525808140733202e-09,-3.1927893180884617e-09,7.6980535207704299e-10,-5.1172751484344842e-09,0,0.069405749999999905,0.00033111791944347678,0.066899999999999904,0.069899999999999907,0.068384999999999987,0.00014932279563850036,0.066899999999999987,0.068399999999999989,0.0010207499999999178,0.00030078631935297531,-8.3266726846886741e-17,0.0022499999999999187,0.069405749999999905,0.00033111791944347678,0.066899999999999904,0.069899999999999907,0.068384999999999987,0.00014932279563850036,0.066899999999999987,0.068399999999999989,0.0010207499999999178,0.00030078631935297531,-8.3266726846886741e-17,0.0022499999999999187,0.0075978617096868302,4.2513458321335112e-05,0.0072763123528763003,0.0076599747937926999,0.007464212233488093,1.8894097961676198e-05,0.0072763123528763289,0.0074661102120801319,0.00013364947619873778,3.8826308488157129e-05,-3.2092384305570931e-17,0.00029348265723997107
m1_S_d05_r0,1,S,S3,1000,20,980,890,3.9346377053543455e-09,1.1558640653204568e-09,3.5353056656388356e-09,8.6525808140733186e-09,6.9289586411696844e-09,2.4635494726964348e-10,6.893782678457367e-09,8.6525808140733202e-09,-2.9943209358153418e-09,1.0576007974151832e-09,-5.1172751484344842e-09,0,0.069297999999999901,0.00045859165529510746,0.066899999999999904,0.069899999999999907,0.06837,0.00021010507881568272,0.066899999999999987,0.068399999999999989,0.00092799999999991761,0.0003520510473495855,-8.3266726846886741e-17,0.0014999999999999181,0.069297999999999901,0.00045859165529510746,0.066899999999999904,0.069899999999999907,0.06837,0.00021010507881568272,0.066899999999999987,0.068399999999999989,0.00092799999999991761,0.0003520510473495855,-8.3266726846886741e-17,0.0014999999999999181,0.0075839861954004918,5.924465779531639e-05,0.0072763123528763003,0.0076599747937926999,0.0074623142548960542,2.6584996111375227e-05,0.0072763123528763289,0.0074661102120801319,0.00012167194050443771,4.5882643749408136e-05,-3.2092384305570931e-17,0.00019886986003707103
m1_S_d05_r0,1,S,S4,1000,167,833,338,6.0523367367725664e-09,1.9038415398668332e-09,3.5353056656388356e-09,8.6525808140733186e-09,7.1875019671052295e-09,6.5631750655754575e-10,6.893782678457367e-09,8.6525808140733202e-09,-1.1351652303326641e-09,1.5894504032058206e-09,-3.3584770128185314e-09,0,0.068494499999999903,0.00085031922993237911,0.066899999999999904,0.069899999999999907,0.068149500000000016,0.00055974374767661639,0.066899999999999987,0.068399999999999989,0.00034499999999991704,0.00048653027830928685,-8.3266726846886741e-17,0.0014999999999999181,0.068494499999999903,0.00085031922993237911,0.066899999999999904,0.069899999999999907,0.068149500000000016,0.00055974374767661639,0.066899999999999987,0.068399999999999989,0.00034499999999991704,0.00048653027830928685,-8.3266726846886741e-17,0.0014999999999999181,0.0074796871918363364,0.00010936196384973735,0.0072763123528763003,0.0076599747937926999,0.0074344139695930959,7.0825443341156904e-05,0.0072763123528763289,0.0074661102120801319,4.5273222243239374e-05,6.3803924619885456e-05,-3.2092384305570931e-17,0.00019386458171256806
m2_C_d05_r1,2,C,S1,1000,37,963,976,0.000140530423286952,2.5164661979774164e-05,0.00013665302453669999,0.00035619626186610001,0.00028566214056801784,1.383261325511968e-05,0.00028295210683174532,0.0003561962618661385,-0.00014513171728106585,2.6166288406960484e-05,-0.00021954323732943851,-3.8489177123235407e-17,0.06004399999999991,0.00034710875022747595,0.057599999999999901,0.066599999999999895,0.059044500000000014,0.00028328430948430615,0.057599999999999998,0.0591,0.00099949999999989912,0.00030958939839017716,-9.7144514654701197e-17,0.008999999999999897,0.06004399999999991,0.00034710875022747595,0.057599999999999901,0.066599999999999895,0.059044500000000014,0.00028328430948430615,0.057599999999999998,0.0591,0.00099949999999989912,0.00030958939839017716,-9.7144514654701197e-17,0.008999999999999897,0.0089570798114479364,6.424928023760706e-05,0.0084773004517746005,0.0100556364502748,0.0087592229502281346,5.5288487575272748e-05,0.0084773004517746612,0.0087700548634605073,0.00019785686121980283,5.6394540952753609e-05,-6.0715321659188248e-17,0.0015783359985001386
m2_C_d05_r1,2,C,S3,1000,17,983,964,0.00014206627980938879,2.8206507597891939e-05,0.00013665302453669999,0.00035619626186610001,0.00028419725746732993,9.4730853175760485e-06,0.00028295210683174532,0.0003561962618661385,-0.0001421309776579412,2.8886936941348983e-05,-0.00021954323732943851,-3.8489177123235407e-17,0.060045999999999905,0.00024216243028726771,0.057599999999999901,0.060099999999999897,0.059074500000000016,0.00019400357570773655,0.057599999999999998,0.0591,0.00097149999999990039,0.00019742524338776945,-9.7144514654701197e-17,0.0014999999999999042,0.060045999999999905,0.00024216243028726771,0.057599999999999901,0.060099999999999897,0.059074500000000016,0.00019400357570773655,0.057599999999999998,0.0591,0.00097149999999990039,0.00019742524338776945,-9.7144514654701197e-17,0.0014999999999999042,0.0089575254921368357,4.7373445686349841e-05,0.0084773004517746005,0.0089680818105478,0.0087650780384618508,3.7863601780845912e-05,0.0084773004517746612,0.0087700548634605073,0.00019244745367498503,3.9270831006712799e-05,-6.0715321659188248e-17,0.0003013253926096391
m2_C_d05_r1,2,C,S4,1000,188,812,982,0.00013928640801801,1.9460359289347653e-05,0.00013665302453669999,0.0002829521068317,0.00029672200797821127,2.8631702205208518e-05,0.00028295210683174532,0.0003561962618661385,-0.00015743559996020124,3.5652144546028145e-05,-0.00021954323732943851,-4.5319650809894085e-17,0.059901499999999913,0.00045613134709839996,0.059099999999999903,0.066599999999999895,0.058818000000000009,0.00058636150949718758,0.057599999999999998,0.0591,0.0010834999999999001,0.0003491413032708201,0,0.008999999999999897,0.059901499999999913,0.00045613134709839996,0.059099999999999903,0.066599999999999895,0.058818000000000009,0.00058636150949718758,0.057599999999999998,0.0591,0.0010834999999999001,0.0003491413032708201,0,0.008999999999999897,0.0089301766144673812,8.4682363580629714e-05,0.0087700548634605004,0.0100556364502748,0.0087150170340635717,0.00011443994583204912,0.0084773004517746612,0.0087700548634605073,0.00021515958040381293,6.5706192426111731e-05,-6.9388939039072284e-18,0.0015783359985001386
m2_H,2,H,S1,1000,5,995,520,0,0,0,0,0,0,0,0,0,0,0,0,0.059612499999999964,0.0005185196357058836,0.057599999999999901,0.060099999999999897,0.059092500000000013,0.00010585345981570451,0.057599999999999998,0.0591,0.00051999999999994585,0.00049984982729795835,-9.7144514654701197e-17,0.0009999999999998968,0.059612499999999964,0.0005185196357058836,0.057599999999999901,0.060099999999999897,0.059092500000000013,0.00010585345981570451,0.057599999999999998,0.0591,0.00051999999999994585,0.00049984982729795835,-9.7144514654701197e-17,0.0009999999999998968,0.0093488420570880734,0.00010740651246058212,0.0089364815271587,0.0094498876775296007,0.0092410339167962284,2.1599949171366014e-05,0.0089364815271587867,0.0092425643308145077,0.00010780814029184462,0.00010363053905038843,-8.6736173798840355e-17,0.00020732334671509298
m2_H,2,H,S3,1000,0,1000,517,0,0,0,0,0,0,0,0,0,0,0,0,0.059616999999999962,0.00049996095943674373,0.0591,0.060099999999999897,0.059100000000000014,1.3884731910229399e-17,0.0591,0.0591,0.00051699999999994665,0.00049996095943674384,0,0.0009999999999998968,0.059616999999999962,0.00049996095943674373,0.0591,0.060099999999999897,0.059100000000000014,1.3884731910229399e-17,0.0591,0.0591,0.00051699999999994665,0.00049996095943674384,0,0.0009999999999998968,0.009349750501066208,0.00010365357933732873,0.0092425643308145008,0.0094498876775296007,0.009242564330814506,1.7355914887786749e-18,0.0092425643308145077,0.0092425643308145077,0.00010718617025169971,0.00010365357933732873,-6.9388939039072284e-18,0.00020732334671509298
m2_H,2,H,S4,1000,1,999,525,0,0,0,0,0,0,0,0,0,0,0,0,0.059623499999999954,0.00050343937192193254,0.057599999999999901,0.060099999999999897,0.059098500000000012,4.7434164902525723e-05,0.057599999999999998,0.0591,0.00052499999999994576,0.0004996244836120155,-9.7144514654701197e-17,0.0009999999999998968,0.059623499999999954,0.00050343937192193254,0.057599999999999901,0.060099999999999897,0.059098500000000012,4.7434164902525723e-05,0.057599999999999998,0.0591,0.00052499999999994576,0.0004996244836120155,-9.7144514654701197e-17,0.0009999999999998968,0.0093511030050362712,0.0001043551252787776,0.0089364815271587,0.0094498876775296007,0.0092422582480108512,9.6791881216219094e-06,0.0089364815271587867,0.0092425643308145077,0.00010884475702542044,0.00010358382004325742,-8.6736173798840355e-17,0.00020732334671509298
m2_M_d05_r1,2,M,S1,1000,990,10,990,0.00010648169207961498,2.4454929576068664e-05,0.00010402510839410001,0.00034968347694559998,0.00045093440058482042,1.0181192578299347e-05,0.00034968347694569501,0.00045195713718723597,-0.00034445270850520549,3.463612215436802e-05,-0.00034793202879313597,-9.5030320418354464e-17,0.060584999999999889,0.00014932279563848995,0.0591,0.060599999999999897,0.057614999999999986,0.00014932279563850036,0.057599999999999998,0.0591,0.0029699999999998998,0.00029864559127699037,0,0.0029999999999998986,0.060584999999999889,0.00014932279563848995,0.0591,0.060599999999999897,0.057614999999999986,0.00014932279563850036,0.057599999999999998,0.0591,0.0029699999999998998,0.00029864559127699037,0,0.0029999999999998986,0.0089165333942841738,2.7449236147880091e-05,0.0086435535354133005,0.0089192907665960001,0.0083636574816239213,2.8144687703719478e-05,0.0083608302487573598,0.0086435535354133612,0.00055287591266025313,5.5593923851599566e-05,-6.0715321659188248e-17,0.00055846051783864023
m2_M_d05_r1,2,M,S3,1000,994,6,994,0.00010549905860540898,1.8980936514351753e-05,0.00010402510839410001,0.00034968347694559998,0.00045134349522578659,7.9022337548745248e-06,0.00034968347694569501,0.00045195713718723597,-0.00034584443662037765,2.688317026922627e-05,-0.00034793202879313597,-9.5030320418354464e-17,0.060590999999999888,0.00011589837113795259,0.0591,0.060599999999999897,0.057608999999999987,0.0001158983711379606,0.057599999999999998,0.0591,0.0029819999999998988,0.00023179674227591311,0,0.0029999999999998986,0.060590999999999888,0.00011589837113795259,0.0591,0.060599999999999897,0.057608999999999987,0.0001158983711379606,0.057599999999999998,0.0591,0.0029819999999998988,0.00023179674227591311,0,0.0029999999999998986,0.0089176363432089054,2.1304997304110746e-05,0.0086435535354133005,0.0089192907665960001,0.0083625265884772967,2.1844778937467492e-05,0.0083608302487573598,0.0086435535354133612,0.00055510975473160797,4.3149776241578248e-05,-6.0715321659188248e-17,0.00055846051783864023
m2_M_d05_r1,2,M,S4,1000,998,2,998,0.00010451642513120297,1.0980676263045247e-05,0.00010402510839410001,0.00034968347694559998,0.00045175258986675275,4.5715273612330033e-06,0.00034968347694569501,0.00045195713718723597,-0.00034723616473554986,1.5552203624278263e-05,-0.00034793202879313597,-9.5030320418354464e-17,0.060596999999999887,6.7048456324473866e-05,0.0591,0.060599999999999897,0.057602999999999988,6.7048456324478542e-05,0.057599999999999998,0.0591,0.0029939999999998991,0.00013409691264895242,0,0.0029999999999998986,0.060596999999999887,6.7048456324473866e-05,0.0591,0.060599999999999897,0.057602999999999988,6.7048456324478542e-05,0.057599999999999998,0.0591,0.0029939999999998991,0.00013409691264895242,0,0.0029999999999998986,0.0089187392921336369,1.2325170467990572e-05,0.0086435535354133005,0.0089192907665960001,0.0083613956953306704,1.263743995817861e-05,0.0083608302487573598,0.0086435535354133612,0.0005573435968029627,2.4962610426169186e-05,-6.0715321659188248e-17,0.00055846051783864023
m2_S_d05_r0,2,S,S1,1000,980,20,0,0,0,0,0,0,0,0,0,0,0,0,0,0.05762999999999989,0.00021010507881569633,0.057599999999999901,0.0591,0.057629999999999987,0.00021010507881568272,0.057599999999999998,0.0591,-9.5201624361607178e-17,1.3607037272024808e-17,-9.7144514654701197e-17,0,0.05762999999999989,0.00021010507881569633,0.057599999999999901,0.0591,0.057629999999999987,0.00021010507881568272,0.057599999999999998,0.0591,-9.5201624361607178e-17,1.3607037272024808e-17,-9.7144514654701197e-17,0,0.0089426031832318155,4.2873034390818068e-05,0.0089364815271587,0.0092425643308145008,0.0089426031832319005,4.2873034390806881e-05,0.0089364815271587867,0.0092425643308145077,-8.5140228200941689e-17,1.1177209187734665e-17,-8.6736173798840355e-17,-6.9388939039072284e-18
m2_S_d05_r0,2,S,S3,1000,905,95,11,0,0,0,0,0,0,0,0,0,0,0,0,0.057753499999999888,0.00048417163503472005,0.057599999999999901,0.060099999999999897,0.057742499999999995,0.00044004248361651145,0.057599999999999998,0.0591,1.0999999999910949e-05,0.00010435463521037086,-9.7144514654701197e-17,0.0009999999999998968,0.057753499999999888,0.00048417163503472005,0.057599999999999901,0.060099999999999897,0.057742499999999995,0.00044004248361651145,0.057599999999999998,0.0591,1.0999999999910949e-05,0.00010435463521037086,-9.7144514654701197e-17,0.0009999999999998968,0.0089678399503198662,9.8972576209730632e-05,0.0089364815271587,0.0094498876775296007,0.0089655593935060798,8.9792958075312265e-05,0.0089364815271587867,0.0092425643308145077,2.2805568137869438e-06,2.1635152217055426e-05,-8.6736173798840355e-17,0.00020732334671509298
m2_S_d05_r0,2,S,S4,1000,783,217,17,0,0,0,0,0,0,0,0,0,0,0,0,0.057942499999999911,0.000662859814088302,0.057599999999999901,0.060099999999999897,0.057925499999999998,0.00061861331414093652,0.057599999999999998,0.0591,1.6999999999922181e-05,0.00012933571713848752,-9.7144514654701197e-17,0.0009999999999998968,0.057942499999999911,0.000662859814088302,0.057599999999999901,0.060099999999999897,0.057925499999999998,0.00061861331414093652,0.057599999999999998,0.0591,1.6999999999922181e-05,0.00012933571713848752,-9.7144514654701197e-17,0.0009999999999998968,0.0090064259924461671,0.00013544154682398259,0.0089364815271587,0.0094498876775296007,0.0090029014955520775,0.00012623126504734332,0.0089364815271587867,0.0092425643308145077,3.5244968940872785e-06,2.6814313726957662e-05,-8.6736173798840355e-17,0.00020732334671509298
