schedule_id,case_id,mode,true_h,parent_key,start_min,end_min,budget_10_31_mol,budget_float_hex,constant_command_mol_min,command_float_hex,state10_sha256,status,branch_path,reported_start_min,reported_end_min,budget_difference_actual_mol,budget_difference_commanded_mol,exact_solver_input_pass,exported_first_state_exact,blind_actual_ethanol_mol,blind_commanded_ethanol_mol,blind_H2_produced_mol,blind_H2_demand_mol,blind_H2_shortfall_mol,blind_10_31_actual_ethanol_mol,blind_10_31_commanded_ethanol_mol,blind_10_31_H2_produced_mol,blind_10_31_H2_demand_mol,blind_10_31_H2_shortfall_mol
m1_C_d05_r1_b0d9415db8671ebce,m1_C_d05_r1,1,C,m1_C_d05_r1_active,10,31,0.048399999999999999,0x1.8c7e28240b780p-5,0.0023047619047619045,0x1.2e16fa0314edbp-9,48a5644537eb218b61c3fafb9aadb812e2dcccb28589247d649108e58a76d981,complete,branches/m1_C_d05_r1_b0d9415db8671ebce,0,31,0,0,True,True,0.069399999999999989,0.069399999999999989,0.0072185602012646019,0.0070479740000000003,0.00010908111292637078,0.048399999999999999,0.048399999999999999,0.0050515410882246625,0.0047744340000000001,2.5602259663103512e-06
m1_C_d05_r1_b2cbdbd4a944011d4,m1_C_d05_r1,1,C,m1_C_d05_r1_active,10,31,0.047399999999999998,0x1.844d013a92a30p-5,0.0022571428571428569,0x1.27d92581f5d18p-9,48a5644537eb218b61c3fafb9aadb812e2dcccb28589247d649108e58a76d981,complete,branches/m1_C_d05_r1_b2cbdbd4a944011d4,0,31,-6.9388939039072284e-18,-6.9388939039072284e-18,True,True,0.068399999999999989,0.068399999999999989,0.0070982461345428394,0.0070479740000000003,0.00010915854592144161,0.047399999999999991,0.047399999999999991,0.0049312270215029,0.0047744340000000001,2.6376589613811778e-06
m1_C_d05_r1_bd162620d6c595127,m1_C_d05_r1,1,C,m1_C_d05_r1_active,10,31,0.048149999999999998,0x1.8a71de69ad42cp-5,0.0022928571428571429,0x1.2c8784e2cd26bp-9,48a5644537eb218b61c3fafb9aadb812e2dcccb28589247d649108e58a76d981,complete,branches/m1_C_d05_r1_bd162620d6c595127,0,31,0,0,True,True,0.069150000000000003,0.069150000000000003,0.0071888270333065381,0.0070479740000000003,0.00010910125742659867,0.048149999999999998,0.048149999999999998,0.0050218079202665987,0.0047744340000000001,2.580370466538237e-06
m1_C_d05_r1_bf09fe6c215dd53bd,m1_C_d05_r1,1,C,m1_C_d05_r1_active,10,31,0.048899999999999999,0x1.9096bb98c7e28p-5,0.0023285714285714285,0x1.3135e443a47bdp-9,48a5644537eb218b61c3fafb9aadb812e2dcccb28589247d649108e58a76d981,complete,branches/m1_C_d05_r1_bf09fe6c215dd53bd,0,31,0,0,True,True,0.069900000000000004,0.069900000000000004,0.0072773479300967218,0.0070479740000000003,0.00010903921653889795,0.048899999999999999,0.048899999999999999,0.0051103288170567824,0.0047744340000000001,2.5183295788375161e-06
m1_M_d05_r1_b058f73c2d5250147,m1_M_d05_r1,1,M,m1_M_d05_r1_active,10,31,0.049399999999999999,0x1.94af4f0d844d0p-5,0.0023523809523809521,0x1.3454ce843409ep-9,b16ebef125ac88fc8efe195d374efcddad04db9ef5b736ff7535679544cc8d7d,complete,branches/m1_M_d05_r1_b058f73c2d5250147,0,31,-6.9388939039072284e-18,-6.9388939039072284e-18,True,True,0.07039999999999999,0.07039999999999999,0.0072093429240603297,0.0070479740000000003,8.4211022868489218e-05,0.049399999999999993,0.049399999999999993,0.0050175348792099207,0.0047744340000000001,2.4790677188977945e-06
m1_M_d05_r1_b3b8b514d0f148e19,m1_M_d05_r1,1,M,m1_M_d05_r1_active,10,31,0.049899999999999993,0x1.98c7e28240b77p-5,0.0023761904761904758,0x1.3773b8c4c397fp-9,b16ebef125ac88fc8efe195d374efcddad04db9ef5b736ff7535679544cc8d7d,complete,branches/m1_M_d05_r1_b3b8b514d0f148e19,0,31,0,0,True,True,0.070899999999999991,0.070899999999999991,0.0072625747337563907,0.0070479740000000003,8.4162260957403213e-05,0.049899999999999993,0.049899999999999993,0.0050707666889059817,0.0047744340000000001,2.4303058078117899e-06
m1_M_d05_r1_b5873bf85354e3031,m1_M_d05_r1,1,M,m1_M_d05_r1_active,10,31,0.049649999999999993,0x1.96bb98c7e2823p-5,0.0023642857142857137,0x1.35e443a47bd0ep-9,b16ebef125ac88fc8efe195d374efcddad04db9ef5b736ff7535679544cc8d7d,complete,branches/m1_M_d05_r1_b5873bf85354e3031,0,31,0,0,True,True,0.070649999999999991,0.070649999999999991,0.007236062280859744,0.0070479740000000003,8.4186936820310166e-05,0.049649999999999993,0.049649999999999993,0.0050442542360093351,0.0047744340000000001,2.4549816707187481e-06
m1_M_d05_r1_bf09fe6c215dd53bd,m1_M_d05_r1,1,M,m1_M_d05_r1_active,10,31,0.048899999999999999,0x1.9096bb98c7e28p-5,0.0023285714285714285,0x1.3135e443a47bdp-9,b16ebef125ac88fc8efe195d374efcddad04db9ef5b736ff7535679544cc8d7d,complete,branches/m1_M_d05_r1_bf09fe6c215dd53bd,0,31,0,0,True,True,0.069900000000000004,0.069900000000000004,0.007155276252429738,0.0070479740000000003,8.425744243824746e-05,0.048899999999999999,0.048899999999999999,0.0049634682075793291,0.0047744340000000001,2.5254872886560366e-06
m2_C_d05_r1_b83df563656092b28,m2_C_d05_r1,2,C,m2_C_d05_r1_active,10,31,0.041099999999999998,0x1.50b0f27bb2fecp-5,0.0019571428571428569,0x1.0086d1214b6ccp-9,7d5cbeb0c9fbbba29295abe381cd074e8027122fb0aa9d8968d90e991cbc6ec4,complete,branches/m2_C_d05_r1_b83df563656092b28,0,31,0,0,True,True,0.059099999999999993,0.059099999999999993,0.0087826149290472569,0.0085677489999999995,0.00013726863432359627,0.041099999999999998,0.041099999999999998,0.0061517635579283522,0.005803959,4.3300054425006186e-06
m2_C_d05_r1_bbd03a67a428e98fb,m2_C_d05_r1,2,C,m2_C_d05_r1_active,10,31,0.048599999999999997,0x1.8e219652bd3c3p-5,0.002314285714285714,0x1.2f568ae9b4c02p-9,7d5cbeb0c9fbbba29295abe381cd074e8027122fb0aa9d8968d90e991cbc6ec4,complete,branches/m2_C_d05_r1_bbd03a67a428e98fb,0,31,0,0,True,True,0.066599999999999993,0.066599999999999993,0.010078703607690977,0.0085677489999999995,0.0001361478275630246,0.048599999999999997,0.048599999999999997,0.0074478522365720723,0.005803959,3.2091986819289464e-06
m2_C_d05_r1_be39e8a1ba91e50b9,m2_C_d05_r1,2,C,m2_C_d05_r1_active,10,31,0.042099999999999999,0x1.58e219652bd3cp-5,0.0020047619047619046,0x1.06c4a5a26a88fp-9,7d5cbeb0c9fbbba29295abe381cd074e8027122fb0aa9d8968d90e991cbc6ec4,complete,branches/m2_C_d05_r1_be39e8a1ba91e50b9,0,31,0,0,True,True,0.060099999999999994,0.060099999999999994,0.0089707093023037587,0.0085677489999999995,0.00013708150823975369,0.042099999999999999,0.042099999999999999,0.006339857931184854,0.005803959,4.1428793586580375e-06
m2_M_d05_r1_b83df563656092b28,m2_M_d05_r1,2,M,m2_M_d05_r1_active,10,31,0.041099999999999998,0x1.50b0f27bb2fecp-5,0.0019571428571428569,0x1.0086d1214b6ccp-9,1f7044fc933fa9280fb8f23f69226b09aaca1147e4bfa31d7cb6ff145a10ed3b,complete,branches/m2_M_d05_r1_b83df563656092b28,0,31,0,0,True,True,0.059099999999999993,0.059099999999999993,0.0086474045691255306,0.0085677489999999995,0.00010465785369329025,0.041099999999999998,0.041099999999999998,0.0059838993277746208,0.005803959,4.373095044199571e-06
m2_M_d05_r1_bc0285e14801e9cc5,m2_M_d05_r1,2,M,m2_M_d05_r1_active,10,31,0.042599999999999999,0x1.5cfaacd9e83e4p-5,0.0020285714285714286,0x1.09e38fe2fa171p-9,1f7044fc933fa9280fb8f23f69226b09aaca1147e4bfa31d7cb6ff145a10ed3b,complete,branches/m2_M_d05_r1_bc0285e14801e9cc5,0,31,0,0,True,True,0.060600000000000001,0.060600000000000001,0.00891690811527515,0.0085677489999999995,0.00010436302276094476,0.042599999999999999,0.042599999999999999,0.0062534028739242411,0.005803959,4.0782641118540806e-06
