case_id,set,trials,extra_actual_ethanol_mmol,H2_shortfall_avoided_mmol
m1_C_d05_r1,S1,1000,1.435999999999918,0.12886049066727537
m1_C_d05_r1,S3,1000,1.405999999999918,0.12606639182071158
m1_C_d05_r1,S4,1000,1.7059999999999182,0.15494134126076786
m1_F_d05_r1,S1,1000,1.4154143237486725,0.15512835400908984
m1_F_d05_r1,S3,1000,1.478606490689053,0.16121461689579628
m1_F_d05_r1,S4,1000,1.6621556505561144,0.17871901320360489
m1_H,S1,1000,0.26149999999996776,1.756483477704092e-06
m1_H,S3,1000,0.26349999999996815,1.7699173857553662e-06
m1_H,S4,1000,0.24899999999996533,1.6725215523836288e-06
m1_M_d05_r1,S1,1000,3.4962499999999079,0.28088426429336988
m1_M_d05_r1,S3,1000,3.6074999999999084,0.28966063585182722
m1_M_d05_r1,S4,1000,3.6224999999999081,0.29078209060351157
m1_S_d05_r0,S1,1000,1.0207499999999177,3.1927893180884617e-06
m1_S_d05_r0,S3,1000,0.92799999999991756,2.9943209358153417e-06
m1_S_d05_r0,S4,1000,0.34499999999991704,1.1351652303326642e-06
m2_C_d05_r1,S1,1000,0.99949999999989914,0.14513171728106586
m2_C_d05_r1,S3,1000,0.97149999999990044,0.14213097765794119
m2_C_d05_r1,S4,1000,1.0834999999999,0.15743559996020123
m2_H,S1,1000,0.51999999999994584,-0
m2_H,S3,1000,0.51699999999994661,-0
m2_H,S4,1000,0.52499999999994573,-0
m2_M_d05_r1,S1,1000,2.9699999999998998,0.34445270850520548
m2_M_d05_r1,S3,1000,2.981999999999899,0.34584443662037767
m2_M_d05_r1,S4,1000,2.993999999999899,0.34723616473554986
m2_S_d05_r0,S1,1000,-9.5201624361607173e-14,-0
m2_S_d05_r0,S3,1000,0.010999999999910949,-0
m2_S_d05_r0,S4,1000,0.016999999999922182,-0
